cpu_usage,disk_io,disk_io_read,disk_io_write,disk_usage,is_anomaly,load_1m,load_5m,memory_usage,network_io,network_rx,network_tx,response_time,timestamp
2.99627049219972,0.0,0.0,0.0,0,0,0,0.0,0.0,0.0,0.0,0.0,100.0,2025-08-09T00:00:00.092100
0.0,0.0,0.0,0.0,0,0,0,0.0,0.0,0.0,0.0,0.0,100.0,2025-08-09T00:05:00.092100
0.0,0.0,0.0,0.0,0,0,0.04572406046059787,0.0,0.0,0.0,0.0,0.0,100.0,2025-08-09T00:10:00.092100
0.0,0.0,0.0,0.0,0.4355178791258641,0,0,0.0,0.0,0.0,0.0,0.0,100.0,2025-08-09T00:15:00.092100
2.4338207013492306,0.0,0.0,0.0,0,0,0,0.0,0.0,0.0,0.0,0.0,100.0,2025-08-09T00:20:00.092100
0.0,0.0,0.0,0.0,0,0,0.025273354792679295,0.0,3.049109259633804,0.0,0.0,0.0,100.0,2025-08-09T00:25:00.092100
0.0,0.0,0.0,0.0,0.16160597013638628,0,0,0.0,0.0,0.0,0.0,0.0,100.0,2025-08-09T00:30:00.092100
1.168357833859411,0.0,0.0,0.0,0.15846274235274463,0,0,0.0,5.086940046687583,0.0,0.0,0.0,100.0,2025-08-09T00:35:00.092100
0.0,0.0,0.0,0.0,0,0,0,0.0,0.0,0.0,0.0,0.0,100.0,2025-08-09T00:40:00.092100
93.80389633957746,165.6706721693462,37848.28670241745,4482703,0.8764834207740284,1,8.263822165322804,8.684965729171143,96.54336423926978,101.94388957142758,30582.952734441595,22743.06516421116,2606.642014856434,2025-08-09T00:45:00.092100
0.0,0.0,0.0,0.0,0.4382128506833775,0,0,0.0,0.0,0.0,0.0,0.0,100.0,2025-08-09T00:50:00.092100
0.0,0.0,0.0,0.0,0,0,0.015000363476582235,0.0,0.0,0.0,0.0,0.0,100.0,2025-08-09T00:55:00.092100
0.0,0.0,0.0,0.0,0,0,0,0.0,3.2728666968768505,0.0,0.0,0.0,100.0,2025-08-09T01:00:00.092100
0.0,0.0,0.0,0.0,0,0,0,0.0,3.092847609313066,0.0,0.0,0.0,100.0,2025-08-09T01:05:00.092100
0.0,0.0,0.0,0.0,0.4710620673842459,0,0,0.0,0.0,0.0,0.0,0.0,100.0,2025-08-09T01:10:00.092100
0.0,0.0,0.0,0.0,0.6225817205237139,0,0.05945010491630394,0.0,2.2092464659367472,0.0,0.0,0.0,100.0,2025-08-09T01:15:00.092100
0.0,0.0,0.0,0.0,0,0,0,0.0,0.0,0.0,0.0,0.0,100.0,2025-08-09T01:20:00.092100
0.0,0.0,0.0,0.0,0,0,0.11497086407898924,0.0,0.0,0.0,0.0,0.0,100.0,2025-08-09T01:25:00.092100
0.0,0.0,0.0,0.0,0,0,0,0.0,0.0,0.0,0.0,0.0,100.0,2025-08-09T01:30:00.092100
0.0,0.0,0.0,0.0,0,0,0,0.0,0.0,0.0,0.0,0.0,100.0,2025-08-09T01:35:00.092100
0.0,0.0,0.0,0.0,0,0,0,0.0,0.0,0.0,0.0,0.0,100.0,2025-08-09T01:40:00.092100
1.9169966739836377,0.0,0.0,0.0,0,0,0,0.0,0.0,0.0,0.0,0.0,100.0,2025-08-09T01:45:00.092100
0.0,0.0,0.0,0.0,0.3179180191208407,0,0,0.0,0.0,0.0,0.0,0.0,100.0,2025-08-09T01:50:00.092100
0.0,0.0,0.0,0.0,0,0,0.03402541459600646,0.0,0.0,0.0,0.0,0.0,100.0,2025-08-09T01:55:00.092100
0.0,0.0,0.0,0.0,0,0,0,0.0,0.0,0.0,0.0,0.0,100.0,2025-08-09T02:00:00.092100
5.584113797434672,0.0,0.0,0.0,0.21742057807879306,0,0,0.0,0.0,0.0,0.0,0.0,100.0,2025-08-09T02:05:00.092100
4.795874820697128,0.0,0.0,0.0,0.6739557109866406,0,0,0.0,0.0,0.0,0.0,0.0,100.0,2025-08-09T02:10:00.092100
0.0,0.0,0.0,0.0,0,0,0,0.0,0.0,0.0,0.0,0.0,100.0,2025-08-09T02:15:00.092100
0.0,0.0,0.0,0.0,0,0,0,0.0,0.0,0.0,0.0,0.0,100.0,2025-08-09T02:20:00.092100
0.0,0.0,0.0,0.0,0,0,0,0.0,0.0,0.0,0.0,0.0,100.0,2025-08-09T02:25:00.092100
0.0,0.0,0.0,0.0,0,0,0,0.0,5.350490688550554,0.0,0.0,0.0,100.0,2025-08-09T02:30:00.092100
0.0,0.0,0.0,0.0,0,0,0,0.0,0.5961079335724183,0.0,0.0,0.0,100.0,2025-08-09T02:35:00.092100
0.0,0.0,0.0,0.0,0,0,0.1705061214395218,0.0,4.688016855777505,0.0,0.0,0.0,100.0,2025-08-09T02:40:00.092100
0.0,0.0,0.0,0.0,0,0,0,0.0,0.0,0.0,0.0,0.0,100.0,2025-08-09T02:45:00.092100
0.0,0.0,0.0,0.0,0,0,0,0.0,0.0,0.0,0.0,0.0,100.0,2025-08-09T02:50:00.092100
0.0,0.0,0.0,0.0,0,0,0,0.0,0.0,0.0,0.0,0.0,100.0,2025-08-09T02:55:00.092100
4.383362581084326,0.0,0.0,0.0,0.40150277754835245,0,0.13388964916014734,0.0,4.060632178109745,0.0,0.0,0.0,100.0,2025-08-09T03:00:00.092100
0.0,0.0,0.0,0.0,0,0,0,0.0,0.0,0.0,0.0,0.0,100.0,2025-08-09T03:05:00.092100
0.0,0.0,0.0,0.0,0,0,0.17705866588919325,0.0,0.0,0.0,0.0,0.0,100.0,2025-08-09T03:10:00.092100
0.0,0.0,0.0,0.0,0.4665483560278414,0,0,0.0,4.410105746868541,0.0,0.0,0.0,100.0,2025-08-09T03:15:00.092100
0.0,0.0,0.0,0.0,0.8652869351411292,0,0,0.0,0.0,0.0,0.0,0.0,100.0,2025-08-09T03:20:00.092100
0.0,0.0,0.0,0.0,0.4154696218817651,0,0,0.0,0.0,0.0,0.0,0.0,100.0,2025-08-09T03:25:00.092100
0.0,0.0,0.0,0.0,0,0,0.020109516972180712,0.0,0.0,0.0,0.0,0.0,100.0,2025-08-09T03:30:00.092100
0.0,0.0,0.0,0.0,0,0,0,0.0,0.0,0.0,0.0,0.0,100.0,2025-08-09T03:35:00.092100
0.0,0.0,0.0,0.0,0,0,0,0.0,0.0,0.0,0.0,0.0,100.0,2025-08-09T03:40:00.092100
0.0,0.0,0.0,0.0,0,0,0,0.0,0.0,0.0,0.0,0.0,100.0,2025-08-09T03:45:00.092100
0.0,0.0,0.0,0.0,0.7113454058974429,0,0,0.0,0.0,0.0,0.0,0.0,100.0,2025-08-09T03:50:00.092100
0.0,0.0,0.0,0.0,0,0,0,0.0,0.0,0.0,0.0,0.0,100.0,2025-08-09T03:55:00.092100
0.0,0.0,0.0,0.0,0,0,0,0.0,0.0,0.0,0.0,0.0,100.0,2025-08-09T04:00:00.092100
0.0,0.0,0.0,0.0,0,0,0,0.0,4.154633186787093,0.0,0.0,0.0,100.0,2025-08-09T04:05:00.092100
0.0,0.0,0.0,0.0,0,0,0,0.0,5.195422663090926,0.0,0.0,0.0,100.0,2025-08-09T04:10:00.092100
0.0,0.0,0.0,0.0,0,0,0,0.0,0.0,0.0,0.0,0.0,100.0,2025-08-09T04:15:00.092100
93.55821734252157,143.5433848160494,44718.35156596804,11227463,0.9060324390813626,1,9.448394672985645,3.6386049155917926,89.44620511052871,50.353205808913046,56605.76008900983,12307.380176971677,2293.158303771901,2025-08-09T04:20:00.092100
0.0,0.0,0.0,0.0,0.8214089719762557,0,0,0.0,0.0,0.0,0.0,0.0,100.0,2025-08-09T04:25:00.092100
2.7988566587037407,0.0,0.0,0.0,0.6165346716351768,0,0,0.0,5.527690295084194,0.0,0.0,0.0,100.0,2025-08-09T04:30:00.092100
0.0,0.0,0.0,0.0,0.28417882765840824,0,0.05099614413352233,0.0,0.0,0.0,0.0,0.0,100.0,2025-08-09T04:35:00.092100
0.0,0.0,0.0,0.0,0,0,0.05054365496548541,0.0,4.987749107975525,0.0,0.0,0.0,100.0,2025-08-09T04:40:00.092100
0.0,0.0,0.0,0.0,0.5726360604574503,0,0.011140695663142908,0.0,3.8282111640529655,0.0,0.0,0.0,100.0,2025-08-09T04:45:00.092100
0.0,0.0,0.0,0.0,0,0,0,0.0,2.9670674634245993,0.0,0.0,0.0,100.0,2025-08-09T04:50:00.092100
0.0,0.0,0.0,0.0,0.67887768458219,0,0,0.0,0.0,0.0,0.0,0.0,100.0,2025-08-09T04:55:00.092100
0.0,0.0,0.0,0.0,0.46878718404685293,0,0,0.0,0.0,0.0,0.0,0.0,100.0,2025-08-09T05:00:00.092100
0.0,0.0,0.0,0.0,0,0,0.006123855210708092,0.0,3.1193947835252662,0.0,0.0,0.0,100.0,2025-08-09T05:05:00.092100
0.0,0.0,0.0,0.0,0,0,0.1748028914644073,0.0,0.0,0.0,0.0,0.0,100.0,2025-08-09T05:10:00.092100
0.0,0.0,0.0,0.0,0,0,0.023132570748768243,0.0,1.2670171963486934,0.0,0.0,0.0,100.0,2025-08-09T05:15:00.092100
0.0,0.0,0.0,0.0,0,0,0,0.0,0.0,0.0,0.0,0.0,100.0,2025-08-09T05:20:00.092100
0.0,0.0,0.0,0.0,0.3270111442723613,0,0,0.0,0.0,0.0,0.0,0.0,100.0,2025-08-09T05:25:00.092100
1.1879847004164719,0.0,0.0,0.0,0,0,0.13113887339059305,0.0,5.681863655276213,0.0,0.0,0.0,100.0,2025-08-09T05:30:00.092100
6.281583850146581,0.0,0.0,0.0,0,0,0,0.0,0.0,0.0,0.0,0.0,100.0,2025-08-09T05:35:00.092100
93.09853017140057,138.5105697993412,49456.74462540466,1516128,0.8993054423026983,1,11.013009323226788,9.520002417094304,95.19877221614742,79.72017999271301,34117.03778886852,61245.673843069846,4236.299987275024,2025-08-09T05:40:00.092100
4.21901700404887,0.0,0.0,0.0,0,0,0,0.0,0.0,0.0,0.0,0.0,100.0,2025-08-09T05:45:00.092100
0.0,0.0,0.0,0.0,0,0,0,0.0,0.0,0.0,0.0,0.0,100.0,2025-08-09T05:50:00.092100
0.0,0.0,0.0,0.0,0,0,0,0.0,5.0033202196066435,0.0,0.0,0.0,100.0,2025-08-09T05:55:00.092100
0.0,0.0,0.0,0.0,0,0,0,0.0,1.5086905727607451,0.0,0.0,0.0,100.0,2025-08-09T06:00:00.092100
6.3215688437489845,0.0,0.0,0.0,0,0,0,0.0,2.786263991745039,0.0,0.0,0.0,100.0,2025-08-09T06:05:00.092100
5.763439406201501,0.0,0.0,0.0,0,0,0.09379276555974607,0.0,0.0,0.0,0.0,0.0,100.0,2025-08-09T06:10:00.092100
0.0,0.0,0.0,0.0,0,0,0,0.0,0.0,0.0,0.0,0.0,100.0,2025-08-09T06:15:00.092100
98.05787704934289,118.53785289102086,10693.604674673086,40777496,0.914431179145829,1,9.058523533001518,5.723030996558553,93.67661972922109,142.84670786628786,71166.59809514412,16235.247652675687,4537.795991490508,2025-08-09T06:20:00.092100
0.0,0.0,0.0,0.0,0,0,0,0.0,0.0,0.0,0.0,0.0,100.0,2025-08-09T06:25:00.092100
0.0,0.0,0.0,0.0,0.1319229184314789,0,0,0.0,0.0,0.0,0.0,0.0,100.0,2025-08-09T06:30:00.092100
0.0,0.0,0.0,0.0,0,0,0,0.0,0.0,0.0,0.0,0.0,100.0,2025-08-09T06:35:00.092100
0.9748859223131815,0.0,0.0,0.0,0.641421176787567,0,0,0.0,3.760874230017174,0.0,0.0,0.0,100.0,2025-08-09T06:40:00.092100
4.726727749492904,0.0,0.0,0.0,0,0,0,0.0,0.0,0.0,0.0,0.0,100.0,2025-08-09T06:45:00.092100
0.0,0.0,0.0,0.0,0.3258667230381722,0,0,0.0,0.0,0.0,0.0,0.0,100.0,2025-08-09T06:50:00.092100
5.876142749852273,0.0,0.0,0.0,0,0,0,0.0,4.7710599759323395,0.0,0.0,0.0,100.0,2025-08-09T06:55:00.092100
0.0,0.0,0.0,0.0,0.46492157404877776,0,0,0.0,0.0,0.0,0.0,0.0,100.0,2025-08-09T07:00:00.092100
0.0,0.0,0.0,0.0,0.9434875817991594,0,0.03416560525951812,0.0,0.0,0.0,0.0,0.0,100.0,2025-08-09T07:05:00.092100
5.675721691458218,0.0,0.0,0.0,0.8806597826656869,0,0,0.0,0.7307726019330706,0.0,0.0,0.0,100.0,2025-08-09T07:10:00.092100
0.0,0.0,0.0,0.0,0,0,0.04668683488663936,0.0,0.0,0.0,0.0,0.0,100.0,2025-08-09T07:15:00.092100
6.280960903468211,0.0,0.0,0.0,0.530434588406172,0,0,0.0,0.0,0.0,0.0,0.0,100.0,2025-08-09T07:20:00.092100
0.0,0.0,0.0,0.0,0,0,0,0.0,2.3470705669493483,0.0,0.0,0.0,100.0,2025-08-09T07:25:00.092100
0.0,0.0,0.0,0.0,0,0,0,0.0,0.0,0.0,0.0,0.0,100.0,2025-08-09T07:30:00.092100
0.0,0.0,0.0,0.0,0,0,0,0.0,0.0,0.0,0.0,0.0,100.0,2025-08-09T07:35:00.092100
0.0,0.0,0.0,0.0,0,0,0,0.0,0.0,0.0,0.0,0.0,100.0,2025-08-09T07:40:00.092100
0.0,0.0,0.0,0.0,0,0,0,0.0,0.9246478643367296,0.0,0.0,0.0,100.0,2025-08-09T07:45:00.092100
0.0,0.0,0.0,0.0,0.032380310981405105,0,0,0.0,0.0,0.0,0.0,0.0,100.0,2025-08-09T07:50:00.092100
0.0,0.0,0.0,0.0,0,0,0,0.0,0.0,0.0,0.0,0.0,100.0,2025-08-09T07:55:00.092100
0.0,0.0,0.0,0.0,0,0,0,0.0,0.0,0.0,0.0,0.0,100.0,2025-08-09T08:00:00.092100
0.0,0.0,0.0,0.0,0,0,0.04356799055594158,0.0,0.0,0.0,0.0,0.0,100.0,2025-08-09T08:05:00.092100
0.0,0.0,0.0,0.0,0,0,0,0.0,1.1989709744645425,0.0,0.0,0.0,100.0,2025-08-09T08:10:00.092100
0.0,0.0,0.0,0.0,0,0,0,0.0,5.904865263415905,0.0,0.0,0.0,100.0,2025-08-09T08:15:00.092100
0.0,0.0,0.0,0.0,0,0,0.13294167585412106,0.0,0.0,0.0,0.0,0.0,100.0,2025-08-09T08:20:00.092100
0.0,0.0,0.0,0.0,0.14794434545709714,0,0,0.0,4.7835049089659405,0.0,0.0,0.0,100.0,2025-08-09T08:25:00.092100
4.01159040231998,0.0,0.0,0.0,0,0,0,0.0,0.0,0.0,0.0,0.0,100.0,2025-08-09T08:30:00.092100
0.0,0.0,0.0,0.0,0,0,0,0.0,0.0,0.0,0.0,0.0,100.0,2025-08-09T08:35:00.092100
0.0,0.0,0.0,0.0,0,0,0,0.0,5.097199626431578,0.0,0.0,0.0,100.0,2025-08-09T08:40:00.092100
0.0,0.0,0.0,0.0,0,0,0,0.0,0.0,0.0,0.0,0.0,100.0,2025-08-09T08:45:00.092100
6.516380155954613,0.0,0.0,0.0,0,0,0.17316334287270113,0.0,0.0,0.0,0.0,0.0,100.0,2025-08-09T08:50:00.092100
0.0,0.0,0.0,0.0,0,0,0.014448624210126403,0.0,0.0,0.0,0.0,0.0,100.0,2025-08-09T08:55:00.092100
6.364346266573859,0.0,0.0,0.0,0,0,0,0.0,0.24105650351927058,0.0,0.0,0.0,100.0,2025-08-09T09:00:00.092100
0.0,0.0,0.0,0.0,0,0,0,0.0,3.8086508114330218,0.0,0.0,0.0,100.0,2025-08-09T09:05:00.092100
0.0,0.0,0.0,0.0,0,0,0,0.0,0.0,0.0,0.0,0.0,100.0,2025-08-09T09:10:00.092100
0.0,0.0,0.0,0.0,0,0,0.04110251990710383,0.0,0.0,0.0,0.0,0.0,100.0,2025-08-09T09:15:00.092100
0.0,0.0,0.0,0.0,0,0,0,0.0,0.0,0.0,0.0,0.0,100.0,2025-08-09T09:20:00.092100
1.6631268686442402,0.0,0.0,0.0,0,0,0,0.0,5.71753659377826,0.0,0.0,0.0,100.0,2025-08-09T09:25:00.092100
0.0,0.0,0.0,0.0,0,0,0,0.0,0.0,0.0,0.0,0.0,100.0,2025-08-09T09:30:00.092100
0.0,0.0,0.0,0.0,0,0,0,0.0,2.9094522495537776,0.0,0.0,0.0,100.0,2025-08-09T09:35:00.092100
0.0,0.0,0.0,0.0,0,0,0,0.0,0.0,0.0,0.0,0.0,100.0,2025-08-09T09:40:00.092100
6.738154258228036,0.0,0.0,0.0,0.1134275182610075,0,0,0.0,3.297421430497659,0.0,0.0,0.0,100.0,2025-08-09T09:45:00.092100
0.0,0.0,0.0,0.0,0,0,0,0.0,0.0,0.0,0.0,0.0,100.0,2025-08-09T09:50:00.092100
0.0,0.0,0.0,0.0,0,0,0,0.0,0.0,0.0,0.0,0.0,100.0,2025-08-09T09:55:00.092100
0.0,0.0,0.0,0.0,0.6448139352983859,0,0,0.0,0.0,0.0,0.0,0.0,100.0,2025-08-09T10:00:00.092100
0.0,0.0,0.0,0.0,0.3851185563195565,0,0,0.0,4.55878375317727,0.0,0.0,0.0,100.0,2025-08-09T10:05:00.092100
0.0,0.0,0.0,0.0,0.6206115249100436,0,0,0.0,0.0,0.0,0.0,0.0,100.0,2025-08-09T10:10:00.092100
0.0,0.0,0.0,0.0,0,0,0,0.0,0.0,0.0,0.0,0.0,100.0,2025-08-09T10:15:00.092100
0.0,0.0,0.0,0.0,0,0,0,0.0,0.0,0.0,0.0,0.0,100.0,2025-08-09T10:20:00.092100
0.0,0.0,0.0,0.0,0,0,0,0.0,3.249057518213531,0.0,0.0,0.0,100.0,2025-08-09T10:25:00.092100
0.0,0.0,0.0,0.0,0,0,0,0.0,2.1297482524492675,0.0,0.0,0.0,100.0,2025-08-09T10:30:00.092100
1.2669721786870962,0.0,0.0,0.0,0.7839454739682975,0,0,0.0,1.243284522989171,0.0,0.0,0.0,100.0,2025-08-09T10:35:00.092100
0.0,0.0,0.0,0.0,0,0,0.17400048495965822,0.0,2.6578417353728,0.0,0.0,0.0,100.0,2025-08-09T10:40:00.092100
0.2535815889830333,0.0,0.0,0.0,0.14110413008683736,0,0,0.0,0.0,0.0,0.0,0.0,100.0,2025-08-09T10:45:00.092100
0.0,0.0,0.0,0.0,0,0,0,0.0,0.0,0.0,0.0,0.0,100.0,2025-08-09T10:50:00.092100
0.0,0.0,0.0,0.0,0,0,0,0.0,0.0,0.0,0.0,0.0,100.0,2025-08-09T10:55:00.092100
0.0,0.0,0.0,0.0,0,0,0,0.0,0.18686900595954273,0.0,0.0,0.0,100.0,2025-08-09T11:00:00.092100
0.0,0.0,0.0,0.0,0,0,0,0.0,3.8926314251269827,0.0,0.0,0.0,100.0,2025-08-09T11:05:00.092100
0.0,0.0,0.0,0.0,0,0,0,0.0,0.0,0.0,0.0,0.0,100.0,2025-08-09T11:10:00.092100
0.0,0.0,0.0,0.0,0.8160527126116014,0,0,0.0,0.0,0.0,0.0,0.0,100.0,2025-08-09T11:15:00.092100
0.0,0.0,0.0,0.0,0.14067130693430177,0,0,0.0,1.8969284837044607,0.0,0.0,0.0,100.0,2025-08-09T11:20:00.092100
0.0,0.0,0.0,0.0,0.23444244911652687,0,0,0.0,2.9913655943187916,0.0,0.0,0.0,100.0,2025-08-09T11:25:00.092100
0.0,0.0,0.0,0.0,0.9115062170519861,0,0.18543981138128268,0.0,5.440872830151394,0.0,0.0,0.0,100.0,2025-08-09T11:30:00.092100
0.0,0.0,0.0,0.0,0,0,0,0.0,0.0,0.0,0.0,0.0,100.0,2025-08-09T11:35:00.092100
0.0,0.0,0.0,0.0,0.22646220052595156,0,0,0.0,0.0,0.0,0.0,0.0,100.0,2025-08-09T11:40:00.092100
0.0,0.0,0.0,0.0,0.7395569475845905,0,0,0.0,0.0,0.0,0.0,0.0,100.0,2025-08-09T11:45:00.092100
0.0,0.0,0.0,0.0,0,0,0,0.0,0.0,0.0,0.0,0.0,100.0,2025-08-09T11:50:00.092100
2.438763547978702,0.0,0.0,0.0,0,0,0,0.0,4.922230581894977,0.0,0.0,0.0,100.0,2025-08-09T11:55:00.092100
0.0,0.0,0.0,0.0,0,0,0.14005688608728933,0.0,0.0,0.0,0.0,0.0,100.0,2025-08-09T12:00:00.092100
0.0,0.0,0.0,0.0,0,0,0.09033880388007914,0.0,4.2630600598739345,0.0,0.0,0.0,100.0,2025-08-09T12:05:00.092100
4.077318119560365,0.0,0.0,0.0,0,0,0.1878696038311292,0.0,5.87502328804211,0.0,0.0,0.0,100.0,2025-08-09T12:10:00.092100
0.4666857397791496,0.0,0.0,0.0,0,0,0.03335837738118979,0.0,0.0,0.0,0.0,0.0,100.0,2025-08-09T12:15:00.092100
0.0,0.0,0.0,0.0,0,0,0,0.0,0.0,0.0,0.0,0.0,100.0,2025-08-09T12:20:00.092100
1.1660321572108807,0.0,0.0,0.0,0.47864039993966023,0,0.04584400746821979,0.0,0.0,0.0,0.0,0.0,100.0,2025-08-09T12:25:00.092100
0.0,0.0,0.0,0.0,0.4771082726756875,0,0,0.0,0.0,0.0,0.0,0.0,100.0,2025-08-09T12:30:00.092100
1.3555098302104007,0.0,0.0,0.0,0,0,0,0.0,3.4711587449565737,0.0,0.0,0.0,100.0,2025-08-09T12:35:00.092100
0.0,0.0,0.0,0.0,0,0,0,0.0,5.27264970045559,0.0,0.0,0.0,100.0,2025-08-09T12:40:00.092100
0.0,0.0,0.0,0.0,0,0,0,0.0,0.0,0.0,0.0,0.0,100.0,2025-08-09T12:45:00.092100
0.0,0.0,0.0,0.0,0,0,0,0.0,0.0,0.0,0.0,0.0,100.0,2025-08-09T12:50:00.092100
1.4658806034778122,0.0,0.0,0.0,0.5770879699387041,0,0,0.0,0.0,0.0,0.0,0.0,100.0,2025-08-09T12:55:00.092100
3.301521877360763,0.0,0.0,0.0,0,0,0.08611659020846107,0.0,0.0,0.0,0.0,0.0,100.0,2025-08-09T13:00:00.092100
94.68597341013847,107.84426981227594,48573.58651317486,12957986,0.9177878811230917,1,9.60692680355736,7.112099609563495,95.80263840092614,141.11793183277393,99028.11402935606,23918.336816534415,4837.378941482255,2025-08-09T13:05:00.092100
0.0,0.0,0.0,0.0,0,0,0,0.0,0.0,0.0,0.0,0.0,100.0,2025-08-09T13:10:00.092100
0.0,0.0,0.0,0.0,0,0,0,0.0,4.664022589174953,0.0,0.0,0.0,100.0,2025-08-09T13:15:00.092100
0.0,0.0,0.0,0.0,0,0,0,0.0,0.0,0.0,0.0,0.0,100.0,2025-08-09T13:20:00.092100
0.0,0.0,0.0,0.0,0,0,0.024117277500779535,0.0,0.0,0.0,0.0,0.0,100.0,2025-08-09T13:25:00.092100
7.773856074624584,0.0,0.0,0.0,0,0,0,0.0,0.0,0.0,0.0,0.0,100.0,2025-08-09T13:30:00.092100
0.0,0.0,0.0,0.0,0,0,0.025637761962329024,0.0,0.0,0.0,0.0,0.0,100.0,2025-08-09T13:35:00.092100
0.0,0.0,0.0,0.0,0.040014646479911514,0,0,0.0,5.582290664011956,0.0,0.0,0.0,100.0,2025-08-09T13:40:00.092100
4.923791236418675,0.0,0.0,0.0,0.3885519353217159,0,0,0.0,0.0,0.0,0.0,0.0,100.0,2025-08-09T13:45:00.092100
4.616059396038845,0.0,0.0,0.0,0,0,0.08679606248727549,0.0,0.0,0.0,0.0,0.0,100.0,2025-08-09T13:50:00.092100
0.0,0.0,0.0,0.0,0,0,0,0.0,0.0,0.0,0.0,0.0,100.0,2025-08-09T13:55:00.092100
0.0,0.0,0.0,0.0,0,0,0,0.0,0.0,0.0,0.0,0.0,100.0,2025-08-09T14:00:00.092100
0.0,0.0,0.0,0.0,0.952296343486677,0,0,0.0,2.0910596825065073,0.0,0.0,0.0,100.0,2025-08-09T14:05:00.092100
5.390373951920747,0.0,0.0,0.0,0,0,0,0.0,5.980420358713537,0.0,0.0,0.0,100.0,2025-08-09T14:10:00.092100
0.0,0.0,0.0,0.0,0.18219333319392877,0,0,0.0,2.502380695899133,0.0,0.0,0.0,100.0,2025-08-09T14:15:00.092100
0.0,0.0,0.0,0.0,0.6260406648139043,0,0,0.0,0.0,0.0,0.0,0.0,100.0,2025-08-09T14:20:00.092100
0.0,0.0,0.0,0.0,0.3774042199376582,0,0,0.0,0.6734028870055127,0.0,0.0,0.0,100.0,2025-08-09T14:25:00.092100
0.0,0.0,0.0,0.0,0.031311400675830686,0,0,0.0,4.110693429084108,0.0,0.0,0.0,100.0,2025-08-09T14:30:00.092100
0.0,0.0,0.0,0.0,0,0,0,0.0,0.0,0.0,0.0,0.0,100.0,2025-08-09T14:35:00.092100
0.0,0.0,0.0,0.0,0,0,0,0.0,0.0,0.0,0.0,0.0,100.0,2025-08-09T14:40:00.092100
0.0,0.0,0.0,0.0,0,0,0.06692416740008297,0.0,0.0,0.0,0.0,0.0,100.0,2025-08-09T14:45:00.092100
0.0,0.0,0.0,0.0,0.8709023755704993,0,0,0.0,5.120134710931737,0.0,0.0,0.0,100.0,2025-08-09T14:50:00.092100
0.0,0.0,0.0,0.0,0,0,0.14870543689105897,0.0,0.0,0.0,0.0,0.0,100.0,2025-08-09T14:55:00.092100
0.0,0.0,0.0,0.0,0.6278940386036566,0,0,0.0,5.429350857049058,0.0,0.0,0.0,100.0,2025-08-09T15:00:00.092100
96.70479755027274,166.27787637285851,51715.94353762683,42191793,0.9060689922056417,1,10.123597031518646,7.288515534843764,87.64612897422022,81.80491733275494,95147.4244167569,37624.09610856663,3419.5680719122365,2025-08-09T15:05:00.092100
0.0,0.0,0.0,0.0,0,0,0,0.0,2.9064793369275828,0.0,0.0,0.0,100.0,2025-08-09T15:10:00.092100
0.0,0.0,0.0,0.0,0,0,0,0.0,0.0,0.0,0.0,0.0,100.0,2025-08-09T15:15:00.092100
0.0,0.0,0.0,0.0,0,0,0.09756846121562594,0.0,0.0,0.0,0.0,0.0,100.0,2025-08-09T15:20:00.092100
0.0,0.0,0.0,0.0,0,0,0,0.0,0.0,0.0,0.0,0.0,100.0,2025-08-09T15:25:00.092100
0.0,0.0,0.0,0.0,0,0,0.1963571610258437,0.0,4.322045583983886,0.0,0.0,0.0,100.0,2025-08-09T15:30:00.092100
0.0,0.0,0.0,0.0,0,0,0,0.0,0.0,0.0,0.0,0.0,100.0,2025-08-09T15:35:00.092100
0.0,0.0,0.0,0.0,0.7941230688832884,0,0.14108717531950793,0.0,3.5095300794638282,0.0,0.0,0.0,100.0,2025-08-09T15:40:00.092100
0.0,0.0,0.0,0.0,0.5952677206534429,0,0,0.0,0.34336197766618204,0.0,0.0,0.0,100.0,2025-08-09T15:45:00.092100
2.3834778636399556,0.0,0.0,0.0,0,0,0,0.0,0.0,0.0,0.0,0.0,100.0,2025-08-09T15:50:00.092100
0.0,0.0,0.0,0.0,0.46852888993676406,0,0.15290761000581504,0.0,5.985812132939824,0.0,0.0,0.0,100.0,2025-08-09T15:55:00.092100
0.0,0.0,0.0,0.0,0,0,0,0.0,0.0,0.0,0.0,0.0,100.0,2025-08-09T16:00:00.092100
0.0,0.0,0.0,0.0,0,0,0.08961464998511409,0.0,0.0,0.0,0.0,0.0,100.0,2025-08-09T16:05:00.092100
0.0,0.0,0.0,0.0,0.5198893347744501,0,0,0.0,0.0,0.0,0.0,0.0,100.0,2025-08-09T16:10:00.092100
0.0,0.0,0.0,0.0,0.45541080282051755,0,0,0.0,0.0,0.0,0.0,0.0,100.0,2025-08-09T16:15:00.092100
2.2941609256848476,0.0,0.0,0.0,0,0,0.0038049766668571154,0.0,0.0,0.0,0.0,0.0,100.0,2025-08-09T16:20:00.092100
0.0,0.0,0.0,0.0,0,0,0.1749621639496316,0.0,0.49698097558974424,0.0,0.0,0.0,100.0,2025-08-09T16:25:00.092100
7.227386353023683,0.0,0.0,0.0,0,0,0,0.0,0.05975470572119387,0.0,0.0,0.0,100.0,2025-08-09T16:30:00.092100
0.0,0.0,0.0,0.0,0.10724496174467882,0,0,0.0,4.738713306347426,0.0,0.0,0.0,100.0,2025-08-09T16:35:00.092100
0.0,0.0,0.0,0.0,0,0,0,0.0,0.0,0.0,0.0,0.0,100.0,2025-08-09T16:40:00.092100
0.0,0.0,0.0,0.0,0,0,0.04529058835731609,0.0,0.0,0.0,0.0,0.0,100.0,2025-08-09T16:45:00.092100
0.0,0.0,0.0,0.0,0,0,0,0.0,5.666008423391499,0.0,0.0,0.0,100.0,2025-08-09T16:50:00.092100
5.86955013099849,0.0,0.0,0.0,0.1311710793852625,0,0,0.0,0.0,0.0,0.0,0.0,100.0,2025-08-09T16:55:00.092100
3.7638668155678205,0.0,0.0,0.0,0,0,0,0.0,0.0,0.0,0.0,0.0,100.0,2025-08-09T17:00:00.092100
0.0,0.0,0.0,0.0,0.30692980752698856,0,0,0.0,0.0,0.0,0.0,0.0,100.0,2025-08-09T17:05:00.092100
0.0,0.0,0.0,0.0,0,0,0,0.0,0.0,0.0,0.0,0.0,100.0,2025-08-09T17:10:00.092100
0.0,0.0,0.0,0.0,0.4485981428399689,0,0,0.0,0.0,0.0,0.0,0.0,100.0,2025-08-09T17:15:00.092100
0.0,0.0,0.0,0.0,0,0,0,0.0,0.0,0.0,0.0,0.0,100.0,2025-08-09T17:20:00.092100
0.0,0.0,0.0,0.0,0,0,0,0.0,3.1298170379284906,0.0,0.0,0.0,100.0,2025-08-09T17:25:00.092100
0.0,0.0,0.0,0.0,0,0,0,0.0,0.0,0.0,0.0,0.0,100.0,2025-08-09T17:30:00.092100
0.0,0.0,0.0,0.0,0,0,0.06039191469216551,0.0,0.0,0.0,0.0,0.0,100.0,2025-08-09T17:35:00.092100
0.0,0.0,0.0,0.0,0,0,0,0.0,0.0,0.0,0.0,0.0,100.0,2025-08-09T17:40:00.092100
0.0,0.0,0.0,0.0,0,0,0,0.0,0.0,0.0,0.0,0.0,100.0,2025-08-09T17:45:00.092100
7.974508550278732,0.0,0.0,0.0,0.9054300733898781,0,0,0.0,0.543845682220281,0.0,0.0,0.0,100.0,2025-08-09T17:50:00.092100
0.0,0.0,0.0,0.0,0,0,0,0.0,5.062251965020587,0.0,0.0,0.0,100.0,2025-08-09T17:55:00.092100
0.0,0.0,0.0,0.0,0.5323614046364814,0,0,0.0,0.0,0.0,0.0,0.0,100.0,2025-08-09T18:00:00.092100
0.0,0.0,0.0,0.0,0,0,0.06648775069971762,0.0,0.0,0.0,0.0,0.0,100.0,2025-08-09T18:05:00.092100
0.0,0.0,0.0,0.0,0,0,0.18806324191623586,0.0,2.472688725216593,0.0,0.0,0.0,100.0,2025-08-09T18:10:00.092100
0.0,0.0,0.0,0.0,0.7994950899290109,0,0,0.0,0.0,0.0,0.0,0.0,100.0,2025-08-09T18:15:00.092100
0.0,0.0,0.0,0.0,0.7990316780590508,0,0.12046548385820122,0.0,0.0,0.0,0.0,0.0,100.0,2025-08-09T18:20:00.092100
0.0,0.0,0.0,0.0,0,0,0,0.0,0.0,0.0,0.0,0.0,100.0,2025-08-09T18:25:00.092100
0.0,0.0,0.0,0.0,0.44359348698500395,0,0,0.0,0.0,0.0,0.0,0.0,100.0,2025-08-09T18:30:00.092100
0.0,0.0,0.0,0.0,0.7563779954541248,0,0.07059402986740412,0.0,5.049871829213149,0.0,0.0,0.0,100.0,2025-08-09T18:35:00.092100
0.0,0.0,0.0,0.0,0,0,0,0.0,0.0,0.0,0.0,0.0,100.0,2025-08-09T18:40:00.092100
0.0,0.0,0.0,0.0,0.2777608659231855,0,0,0.0,3.1969838039112206,0.0,0.0,0.0,100.0,2025-08-09T18:45:00.092100
0.0,0.0,0.0,0.0,0.6211710011982083,0,0,0.0,0.0,0.0,0.0,0.0,100.0,2025-08-09T18:50:00.092100
5.216826768687147,0.0,0.0,0.0,0,0,0,0.0,2.589262305557273,0.0,0.0,0.0,100.0,2025-08-09T18:55:00.092100
1.3070342976463551,0.0,0.0,0.0,0,0,0.1808442189509505,0.0,0.0,0.0,0.0,0.0,100.0,2025-08-09T19:00:00.092100
0.0,0.0,0.0,0.0,0.8032332519691586,0,0.011500985885236768,0.0,0.0,0.0,0.0,0.0,100.0,2025-08-09T19:05:00.092100
4.795309141185179,0.0,0.0,0.0,0.36607264592553707,0,0,0.0,0.0,0.0,0.0,0.0,100.0,2025-08-09T19:10:00.092100
1.8658835450676325,0.0,0.0,0.0,0,0,0,0.0,0.0,0.0,0.0,0.0,100.0,2025-08-09T19:15:00.092100
0.0,0.0,0.0,0.0,0,0,0,0.0,3.2953781091044583,0.0,0.0,0.0,100.0,2025-08-09T19:20:00.092100
96.7725518087725,107.15471183203974,23638.763959306074,7027451,0.9428310182046779,1,6.526701872505736,7.3922836097204625,90.79029573250033,76.44180391933531,87667.14700829735,24205.267524563875,4096.965081535902,2025-08-09T19:25:00.092100
0.0,0.0,0.0,0.0,0,0,0,0.0,0.0,0.0,0.0,0.0,100.0,2025-08-09T19:30:00.092100
0.0,0.0,0.0,0.0,0,0,0.07522515496741906,0.0,3.670286339741451,0.0,0.0,0.0,100.0,2025-08-09T19:35:00.092100
0.0,0.0,0.0,0.0,0.9492704373209053,0,0,0.0,5.945533537881041,0.0,0.0,0.0,100.0,2025-08-09T19:40:00.092100
0.0,0.0,0.0,0.0,0,0,0.19579054890552428,0.0,0.0,0.0,0.0,0.0,100.0,2025-08-09T19:45:00.092100
0.0,0.0,0.0,0.0,0.5409069339408932,0,0,0.0,0.0,0.0,0.0,0.0,100.0,2025-08-09T19:50:00.092100
0.0,0.0,0.0,0.0,0,0,0.05057188018968402,0.0,0.0,0.0,0.0,0.0,100.0,2025-08-09T19:55:00.092100
0.0,0.0,0.0,0.0,0,0,0.19597142198600714,0.0,2.072682367154167,0.0,0.0,0.0,100.0,2025-08-09T20:00:00.092100
0.0,0.0,0.0,0.0,0.23868147661581912,0,0,0.0,0.0,0.0,0.0,0.0,100.0,2025-08-09T20:05:00.092100
0.0,0.0,0.0,0.0,0,0,0.11640262312554225,0.0,5.427435747873146,0.0,0.0,0.0,100.0,2025-08-09T20:10:00.092100
90.85339935615102,171.6574346919445,84268.43599857307,19582597,0.864473009108272,1,6.951231903668464,3.6154416047959312,91.89809703174848,81.00453181986158,72860.53464586422,7128.950519761802,4535.06491009194,2025-08-09T20:15:00.092100
4.030528946448525,0.0,0.0,0.0,0,0,0.13646103654830655,0.0,0.0,0.0,0.0,0.0,100.0,2025-08-09T20:20:00.092100
0.0,0.0,0.0,0.0,0,0,0,0.0,0.19331538861215944,0.0,0.0,0.0,100.0,2025-08-09T20:25:00.092100
0.0,0.0,0.0,0.0,0,0,0,0.0,3.890313817438815,0.0,0.0,0.0,100.0,2025-08-09T20:30:00.092100
0.0,0.0,0.0,0.0,0.8742065526231232,0,0,0.0,0.0,0.0,0.0,0.0,100.0,2025-08-09T20:35:00.092100
0.0,0.0,0.0,0.0,0,0,0.007218860964470543,0.0,0.0,0.0,0.0,0.0,100.0,2025-08-09T20:40:00.092100
0.1912602104760398,0.0,0.0,0.0,0,0,0.055478124651952315,0.0,0.8213347737739707,0.0,0.0,0.0,100.0,2025-08-09T20:45:00.092100
3.2247332027073092,0.0,0.0,0.0,0,0,0,0.0,0.0,0.0,0.0,0.0,100.0,2025-08-09T20:50:00.092100
0.0,0.0,0.0,0.0,0,0,0,0.0,0.0,0.0,0.0,0.0,100.0,2025-08-09T20:55:00.092100
6.969114683243063,0.0,0.0,0.0,0.5183106178117122,0,0.059836371127738965,0.0,0.0,0.0,0.0,0.0,100.0,2025-08-09T21:00:00.092100
0.0,0.0,0.0,0.0,0,0,0,0.0,0.0,0.0,0.0,0.0,100.0,2025-08-09T21:05:00.092100
0.0,0.0,0.0,0.0,0.4605752782996423,0,0,0.0,0.0,0.0,0.0,0.0,100.0,2025-08-09T21:10:00.092100
92.61574976015675,95.20668597746067,14436.047616061438,30629684,0.8362109501410886,1,10.593786556730686,6.0022743542445784,85.88422477049573,73.03818795537137,56838.78934739014,21331.241292795894,1542.002847004057,2025-08-09T21:15:00.092100
0.0,0.0,0.0,0.0,0,0,0,0.0,0.0,0.0,0.0,0.0,100.0,2025-08-09T21:20:00.092100
0.10261417242271155,0.0,0.0,0.0,0,0,0,0.0,0.0,0.0,0.0,0.0,100.0,2025-08-09T21:25:00.092100
7.982600841927909,0.0,0.0,0.0,0,0,0,0.0,0.0,0.0,0.0,0.0,100.0,2025-08-09T21:30:00.092100
0.0,0.0,0.0,0.0,0,0,0,0.0,0.18835936366215816,0.0,0.0,0.0,100.0,2025-08-09T21:35:00.092100
0.0,0.0,0.0,0.0,0,0,0,0.0,0.0,0.0,0.0,0.0,100.0,2025-08-09T21:40:00.092100
4.523792252541258,0.0,0.0,0.0,0.0710825588597289,0,0,0.0,3.263572758975584,0.0,0.0,0.0,100.0,2025-08-09T21:45:00.092100
0.0,0.0,0.0,0.0,0,0,0.08332899851584367,0.0,0.0,0.0,0.0,0.0,100.0,2025-08-09T21:50:00.092100
0.0,0.0,0.0,0.0,0,0,0.19933669315719166,0.0,0.0,0.0,0.0,0.0,100.0,2025-08-09T21:55:00.092100
0.0,0.0,0.0,0.0,0,0,0,0.0,0.0,0.0,0.0,0.0,100.0,2025-08-09T22:00:00.092100
0.0,0.0,0.0,0.0,0,0,0,0.0,0.7824959120195911,0.0,0.0,0.0,100.0,2025-08-09T22:05:00.092100
0.0,0.0,0.0,0.0,0,0,0,0.0,0.0,0.0,0.0,0.0,100.0,2025-08-09T22:10:00.092100
0.0,0.0,0.0,0.0,0.8950399568863607,0,0,0.0,5.802566099531151,0.0,0.0,0.0,100.0,2025-08-09T22:15:00.092100
0.0,0.0,0.0,0.0,0.7795550562910979,0,0.11907075610389241,0.0,0.32531091626805253,0.0,0.0,0.0,100.0,2025-08-09T22:20:00.092100
6.816727571073562,0.0,0.0,0.0,0.7305132424984039,0,0,0.0,1.1040896885055564,0.0,0.0,0.0,100.0,2025-08-09T22:25:00.092100
0.0,0.0,0.0,0.0,0,0,0,0.0,0.0,0.0,0.0,0.0,100.0,2025-08-09T22:30:00.092100
0.0,0.0,0.0,0.0,0,0,0,0.0,0.0,0.0,0.0,0.0,100.0,2025-08-09T22:35:00.092100
0.4051844250332016,0.0,0.0,0.0,0,0,0.017450090442718568,0.0,0.0,0.0,0.0,0.0,100.0,2025-08-09T22:40:00.092100
7.054505440188793,0.0,0.0,0.0,0,0,0.10565142249246604,0.0,1.38320142130954,0.0,0.0,0.0,100.0,2025-08-09T22:45:00.092100
6.526656738601404,0.0,0.0,0.0,0,0,0.17570019575431303,0.0,0.5257436853475669,0.0,0.0,0.0,100.0,2025-08-09T22:50:00.092100
3.79738798705976,0.0,0.0,0.0,0.5504581704177149,0,0,0.0,0.0,0.0,0.0,0.0,100.0,2025-08-09T22:55:00.092100
0.0,0.0,0.0,0.0,0.4566427605985081,0,0.05443639081051217,0.0,0.0,0.0,0.0,0.0,100.0,2025-08-09T23:00:00.092100
0.0,0.0,0.0,0.0,0.3982096688108505,0,0,0.0,0.0,0.0,0.0,0.0,100.0,2025-08-09T23:05:00.092100
4.190038460444466,0.0,0.0,0.0,0,0,0.07129874666415148,0.0,2.2400589287265933,0.0,0.0,0.0,100.0,2025-08-09T23:10:00.092100
0.0,0.0,0.0,0.0,0.6901791799835382,0,0.043541723595775586,0.0,0.0,0.0,0.0,0.0,100.0,2025-08-09T23:15:00.092100
7.889385801244459,0.0,0.0,0.0,0,0,0,0.0,1.1324585788751078,0.0,0.0,0.0,100.0,2025-08-09T23:20:00.092100
0.0,0.0,0.0,0.0,0,0,0,0.0,0.0,0.0,0.0,0.0,100.0,2025-08-09T23:25:00.092100
0.0,0.0,0.0,0.0,0.8738216182157377,0,0,0.0,0.8789080958586342,0.0,0.0,0.0,100.0,2025-08-09T23:30:00.092100
1.256705454836565,0.0,0.0,0.0,0,0,0.13111063139505405,0.0,0.0,0.0,0.0,0.0,100.0,2025-08-09T23:35:00.092100
0.0,0.0,0.0,0.0,0,0,0,0.0,0.0,0.0,0.0,0.0,100.0,2025-08-09T23:40:00.092100
0.0,0.0,0.0,0.0,0,0,0,0.0,2.2300738457462517,0.0,0.0,0.0,100.0,2025-08-09T23:45:00.092100
0.0,0.0,0.0,0.0,0,0,0,0.0,0.6425403415233301,0.0,0.0,0.0,100.0,2025-08-09T23:50:00.092100
6.8924382330046905,0.0,0.0,0.0,0,0,0,0.0,0.0,0.0,0.0,0.0,100.0,2025-08-09T23:55:00.092100
0.0,0.0,0.0,0.0,0,0,0,0.0,4.1954336104489,0.0,0.0,0.0,100.0,2025-08-10T00:00:00.092100
0.0,0.0,0.0,0.0,0,0,0,0.0,0.0,0.0,0.0,0.0,100.0,2025-08-10T00:05:00.092100
0.0,0.0,0.0,0.0,0.3712652471550009,0,0.07413349096699556,0.0,0.0,0.0,0.0,0.0,100.0,2025-08-10T00:10:00.092100
5.654883706768415,0.0,0.0,0.0,0.7949111227510137,0,0,0.0,0.0,0.0,0.0,0.0,100.0,2025-08-10T00:15:00.092100
0.0,0.0,0.0,0.0,0.7733585501490452,0,0.11057591649038216,0.0,0.0,0.0,0.0,0.0,100.0,2025-08-10T00:20:00.092100
0.0,0.0,0.0,0.0,0,0,0.024700482254989862,0.0,0.5546889780590789,0.0,0.0,0.0,100.0,2025-08-10T00:25:00.092100
0.0,0.0,0.0,0.0,0,0,0,0.0,3.3291732730246144,0.0,0.0,0.0,100.0,2025-08-10T00:30:00.092100
0.0,0.0,0.0,0.0,0,0,0.15751860760340688,0.0,0.0,0.0,0.0,0.0,100.0,2025-08-10T00:35:00.092100
0.0,0.0,0.0,0.0,0,0,0,0.0,0.0,0.0,0.0,0.0,100.0,2025-08-10T00:40:00.092100
0.0,0.0,0.0,0.0,0.9293411663859432,0,0.10611367246101136,0.0,3.0702455884086386,0.0,0.0,0.0,100.0,2025-08-10T00:45:00.092100
5.293824759179254,0.0,0.0,0.0,0,0,0,0.0,0.0,0.0,0.0,0.0,100.0,2025-08-10T00:50:00.092100
3.0742024669347843,0.0,0.0,0.0,0,0,0,0.0,0.0,0.0,0.0,0.0,100.0,2025-08-10T00:55:00.092100
1.778056087509151,0.0,0.0,0.0,0,0,0,0.0,5.122885486101127,0.0,0.0,0.0,100.0,2025-08-10T01:00:00.092100
0.0,0.0,0.0,0.0,0,0,0,0.0,1.7236878850010022,0.0,0.0,0.0,100.0,2025-08-10T01:05:00.092100
98.06614743738847,177.39219048738693,18380.74930731221,31517929,0.8748462851958363,1,10.513987324257062,3.7499237641596435,92.17324565281865,56.888767342780625,16745.043928621795,32832.810799010585,3751.437697416746,2025-08-10T01:10:00.092100
0.0,0.0,0.0,0.0,0,0,0,0.0,0.0,0.0,0.0,0.0,100.0,2025-08-10T01:15:00.092100
0.0,0.0,0.0,0.0,0,0,0.038830399673970624,0.0,0.0,0.0,0.0,0.0,100.0,2025-08-10T01:20:00.092100
6.251928607919114,0.0,0.0,0.0,0.5802340204164464,0,0,0.0,0.0,0.0,0.0,0.0,100.0,2025-08-10T01:25:00.092100
0.0,0.0,0.0,0.0,0,0,0,0.0,4.350492891738276,0.0,0.0,0.0,100.0,2025-08-10T01:30:00.092100
0.0,0.0,0.0,0.0,0,0,0,0.0,0.0,0.0,0.0,0.0,100.0,2025-08-10T01:35:00.092100
0.0,0.0,0.0,0.0,0,0,0.1875451840030937,0.0,0.0,0.0,0.0,0.0,100.0,2025-08-10T01:40:00.092100
0.0,0.0,0.0,0.0,0.7376206293989728,0,0,0.0,0.0,0.0,0.0,0.0,100.0,2025-08-10T01:45:00.092100
0.0,0.0,0.0,0.0,0.5330178728180731,0,0,0.0,0.0,0.0,0.0,0.0,100.0,2025-08-10T01:50:00.092100
0.0,0.0,0.0,0.0,0.4716578742207384,0,0.17482720855871348,0.0,5.56030189303485,0.0,0.0,0.0,100.0,2025-08-10T01:55:00.092100
0.0,0.0,0.0,0.0,0.9016304508914401,0,0,0.0,0.0,0.0,0.0,0.0,100.0,2025-08-10T02:00:00.092100
0.0,0.0,0.0,0.0,0,0,0,0.0,4.2409769972907885,0.0,0.0,0.0,100.0,2025-08-10T02:05:00.092100
0.0,0.0,0.0,0.0,0,0,0,0.0,5.658741755288873,0.0,0.0,0.0,100.0,2025-08-10T02:10:00.092100
97.3598079867551,184.04162096786382,34232.01356328325,48332202,0.8411095127793977,1,11.285126449344778,5.309126403770024,86.37864900401348,77.93866035956245,19080.201669545684,18980.310831983035,3422.078038522515,2025-08-10T02:15:00.092100
0.0,0.0,0.0,0.0,0.3099991052467316,0,0,0.0,0.0,0.0,0.0,0.0,100.0,2025-08-10T02:20:00.092100
0.0,0.0,0.0,0.0,0.029946864791068062,0,0,0.0,0.40517343504496134,0.0,0.0,0.0,100.0,2025-08-10T02:25:00.092100
0.0,0.0,0.0,0.0,0,0,0.038326995128849885,0.0,0.0,0.0,0.0,0.0,100.0,2025-08-10T02:30:00.092100
0.0,0.0,0.0,0.0,0,0,0,0.0,0.0,0.0,0.0,0.0,100.0,2025-08-10T02:35:00.092100
0.0,0.0,0.0,0.0,0,0,0,0.0,3.710018017053302,0.0,0.0,0.0,100.0,2025-08-10T02:40:00.092100
0.0,0.0,0.0,0.0,0,0,0,0.0,0.0,0.0,0.0,0.0,100.0,2025-08-10T02:45:00.092100
0.0,0.0,0.0,0.0,0,0,0,0.0,0.0,0.0,0.0,0.0,100.0,2025-08-10T02:50:00.092100
1.5675264095253518,0.0,0.0,0.0,0.1745183215163361,0,0,0.0,1.4118422778427873,0.0,0.0,0.0,100.0,2025-08-10T02:55:00.092100
1.3315883895134775,0.0,0.0,0.0,0,0,0,0.0,0.0,0.0,0.0,0.0,100.0,2025-08-10T03:00:00.092100
0.0,0.0,0.0,0.0,0,0,0,0.0,5.003724887859098,0.0,0.0,0.0,100.0,2025-08-10T03:05:00.092100
97.83033824530882,169.80477437474724,90488.66523613318,27712073,0.8720615921323142,1,7.963139380617466,5.738338389023843,87.62907352303607,108.04783825467507,33902.17009974571,40792.56253728622,3420.7556916146455,2025-08-10T03:10:00.092100
1.6938659606123394,0.0,0.0,0.0,0.7427148197306241,0,0,0.0,0.0,0.0,0.0,0.0,100.0,2025-08-10T03:15:00.092100
3.784502230740978,0.0,0.0,0.0,0,0,0,0.0,0.0,0.0,0.0,0.0,100.0,2025-08-10T03:20:00.092100
0.0,0.0,0.0,0.0,0,0,0,0.0,0.0,0.0,0.0,0.0,100.0,2025-08-10T03:25:00.092100
0.0,0.0,0.0,0.0,0,0,0,0.0,0.0,0.0,0.0,0.0,100.0,2025-08-10T03:30:00.092100
0.0,0.0,0.0,0.0,0.42969934592844594,0,0,0.0,0.0,0.0,0.0,0.0,100.0,2025-08-10T03:35:00.092100
0.0,0.0,0.0,0.0,0.5277422018780992,0,0,0.0,0.0,0.0,0.0,0.0,100.0,2025-08-10T03:40:00.092100
5.706546636471318,0.0,0.0,0.0,0,0,0,0.0,0.0,0.0,0.0,0.0,100.0,2025-08-10T03:45:00.092100
0.0,0.0,0.0,0.0,0,0,0.06559622377390847,0.0,0.0,0.0,0.0,0.0,100.0,2025-08-10T03:50:00.092100
0.0,0.0,0.0,0.0,0,0,0,0.0,4.241222216035563,0.0,0.0,0.0,100.0,2025-08-10T03:55:00.092100
1.3106603190663986,0.0,0.0,0.0,0.05640931061179404,0,0.1133807838192952,0.0,0.0,0.0,0.0,0.0,100.0,2025-08-10T04:00:00.092100
0.0,0.0,0.0,0.0,0.44576193618749216,0,0,0.0,0.0,0.0,0.0,0.0,100.0,2025-08-10T04:05:00.092100
0.0,0.0,0.0,0.0,0,0,0,0.0,4.002243233453267,0.0,0.0,0.0,100.0,2025-08-10T04:10:00.092100
0.0,0.0,0.0,0.0,0.1419322330414387,0,0,0.0,5.171387606581051,0.0,0.0,0.0,100.0,2025-08-10T04:15:00.092100
0.0,0.0,0.0,0.0,0,0,0.05789104649329,0.0,0.0,0.0,0.0,0.0,100.0,2025-08-10T04:20:00.092100
0.27537447739315174,0.0,0.0,0.0,0,0,0,0.0,2.8317443521120857,0.0,0.0,0.0,100.0,2025-08-10T04:25:00.092100
0.6510438832488409,0.0,0.0,0.0,0,0,0,0.0,2.967834666369605,0.0,0.0,0.0,100.0,2025-08-10T04:30:00.092100
1.6743590235712162,0.0,0.0,0.0,0.6582394644065838,0,0.05751695903430519,0.0,5.376453529239638,0.0,0.0,0.0,100.0,2025-08-10T04:35:00.092100
0.0,0.0,0.0,0.0,0,0,0,0.0,0.0,0.0,0.0,0.0,100.0,2025-08-10T04:40:00.092100
3.435633708669897,0.0,0.0,0.0,0,0,0.1022444260059798,0.0,0.0,0.0,0.0,0.0,100.0,2025-08-10T04:45:00.092100
0.0,0.0,0.0,0.0,0,0,0,0.0,0.7671914170141895,0.0,0.0,0.0,100.0,2025-08-10T04:50:00.092100
0.0,0.0,0.0,0.0,0,0,0,0.0,0.0,0.0,0.0,0.0,100.0,2025-08-10T04:55:00.092100
0.0,0.0,0.0,0.0,0,0,0,0.0,0.0,0.0,0.0,0.0,100.0,2025-08-10T05:00:00.092100
0.0,0.0,0.0,0.0,0,0,0,0.0,0.0,0.0,0.0,0.0,100.0,2025-08-10T05:05:00.092100
0.0,0.0,0.0,0.0,0,0,0.16077711223589106,0.0,0.0,0.0,0.0,0.0,100.0,2025-08-10T05:10:00.092100
0.0,0.0,0.0,0.0,0,0,0,0.0,0.0,0.0,0.0,0.0,100.0,2025-08-10T05:15:00.092100
6.817709849726256,0.0,0.0,0.0,0.5219888921185125,0,0,0.0,4.422294473127153,0.0,0.0,0.0,100.0,2025-08-10T05:20:00.092100
1.1948572023227475,0.0,0.0,0.0,0.12164673159406302,0,0.1999507039595414,0.0,0.0,0.0,0.0,0.0,100.0,2025-08-10T05:25:00.092100
0.0,0.0,0.0,0.0,0,0,0,0.0,4.715966139073022,0.0,0.0,0.0,100.0,2025-08-10T05:30:00.092100
0.0,0.0,0.0,0.0,0.9153478030135118,0,0,0.0,1.4181022767851093,0.0,0.0,0.0,100.0,2025-08-10T05:35:00.092100
0.0,0.0,0.0,0.0,0,0,0.11121066390590426,0.0,0.0,0.0,0.0,0.0,100.0,2025-08-10T05:40:00.092100
0.0,0.0,0.0,0.0,0,0,0,0.0,0.0,0.0,0.0,0.0,100.0,2025-08-10T05:45:00.092100
0.0,0.0,0.0,0.0,0,0,0.16380417244244555,0.0,0.0,0.0,0.0,0.0,100.0,2025-08-10T05:50:00.092100
0.3871171640538096,0.0,0.0,0.0,0,0,0,0.0,0.0,0.0,0.0,0.0,100.0,2025-08-10T05:55:00.092100
6.394104157873196,0.0,0.0,0.0,0,0,0,0.0,0.0,0.0,0.0,0.0,100.0,2025-08-10T06:00:00.092100
4.590438926729565,0.0,0.0,0.0,0.13814679313526368,0,0,0.0,3.332136240034092,0.0,0.0,0.0,100.0,2025-08-10T06:05:00.092100
0.969468753185407,0.0,0.0,0.0,0,0,0,0.0,3.627854101120572,0.0,0.0,0.0,100.0,2025-08-10T06:10:00.092100
0.0,0.0,0.0,0.0,0,0,0.08027884906817102,0.0,0.0,0.0,0.0,0.0,100.0,2025-08-10T06:15:00.092100
0.0,0.0,0.0,0.0,0,0,0,0.0,0.0,0.0,0.0,0.0,100.0,2025-08-10T06:20:00.092100
0.0,0.0,0.0,0.0,0.43055022077248606,0,0.031261934260704144,0.0,0.0,0.0,0.0,0.0,100.0,2025-08-10T06:25:00.092100
0.0,0.0,0.0,0.0,0,0,0,0.0,0.0,0.0,0.0,0.0,100.0,2025-08-10T06:30:00.092100
3.707593293453364,0.0,0.0,0.0,0.18670339287592122,0,0,0.0,0.4317126628497783,0.0,0.0,0.0,100.0,2025-08-10T06:35:00.092100
96.9033959656917,199.70648532921624,57331.70109683386,13190235,0.8082458317726199,1,14.487546992821304,5.955403967350551,86.66013323683921,149.84786241211094,87244.19677807555,51798.24215042951,2096.215148281455,2025-08-10T06:40:00.092100
0.0,0.0,0.0,0.0,0,0,0,0.0,0.0,0.0,0.0,0.0,100.0,2025-08-10T06:45:00.092100
0.0,0.0,0.0,0.0,0.4233605974966396,0,0,0.0,0.0,0.0,0.0,0.0,100.0,2025-08-10T06:50:00.092100
1.0729710176239118,0.0,0.0,0.0,0,0,0,0.0,4.448581105958782,0.0,0.0,0.0,100.0,2025-08-10T06:55:00.092100
1.6924026143681412,0.0,0.0,0.0,0,0,0,0.0,1.4201934686832278,0.0,0.0,0.0,100.0,2025-08-10T07:00:00.092100
91.75488553253383,152.85006523959308,73317.91945156784,14324065,0.843256483212647,1,14.810689464299571,6.43183143859288,91.00387371481361,107.02697162173502,80335.5354850328,48300.40103403314,3146.4299703156466,2025-08-10T07:05:00.092100
0.0,0.0,0.0,0.0,0,0,0.07046116480176681,0.0,0.0,0.0,0.0,0.0,100.0,2025-08-10T07:10:00.092100
95.58464882598622,129.78785531611172,89788.28190939117,49635150,0.8233714197745668,1,6.339682702247891,9.497435956749356,97.43064571719128,132.1986924222823,33531.62780530568,77853.44034410472,4065.2101528692415,2025-08-10T07:15:00.092100
0.0,0.0,0.0,0.0,0,0,0.0752264224873118,0.0,3.1208105601364573,0.0,0.0,0.0,100.0,2025-08-10T07:20:00.092100
0.0,0.0,0.0,0.0,0,0,0.04829568858451265,0.0,0.0,0.0,0.0,0.0,100.0,2025-08-10T07:25:00.092100
0.0,0.0,0.0,0.0,0.25604829357981174,0,0.14244758574545083,0.0,0.0,0.0,0.0,0.0,100.0,2025-08-10T07:30:00.092100
0.0,0.0,0.0,0.0,0.598140249736667,0,0,0.0,4.7751045473324,0.0,0.0,0.0,100.0,2025-08-10T07:35:00.092100
0.0,0.0,0.0,0.0,0,0,0,0.0,0.0,0.0,0.0,0.0,100.0,2025-08-10T07:40:00.092100
0.0,0.0,0.0,0.0,0,0,0,0.0,0.0,0.0,0.0,0.0,100.0,2025-08-10T07:45:00.092100
0.0,0.0,0.0,0.0,0,0,0,0.0,0.0,0.0,0.0,0.0,100.0,2025-08-10T07:50:00.092100
0.0,0.0,0.0,0.0,0,0,0,0.0,5.672319708820086,0.0,0.0,0.0,100.0,2025-08-10T07:55:00.092100
0.0,0.0,0.0,0.0,0,0,0,0.0,0.0,0.0,0.0,0.0,100.0,2025-08-10T08:00:00.092100
0.0,0.0,0.0,0.0,0,0,0,0.0,0.0,0.0,0.0,0.0,100.0,2025-08-10T08:05:00.092100
0.0,0.0,0.0,0.0,0.08411311824802178,0,0,0.0,0.0,0.0,0.0,0.0,100.0,2025-08-10T08:10:00.092100
0.0,0.0,0.0,0.0,0.5971480680733292,0,0.044051710018527035,0.0,0.0,0.0,0.0,0.0,100.0,2025-08-10T08:15:00.092100
0.0,0.0,0.0,0.0,0,0,0,0.0,1.451601863762607,0.0,0.0,0.0,100.0,2025-08-10T08:20:00.092100
1.0977788737075482,0.0,0.0,0.0,0.08055556390394229,0,0,0.0,1.4344739500995232,0.0,0.0,0.0,100.0,2025-08-10T08:25:00.092100
0.0,0.0,0.0,0.0,0,0,0.05924194621322261,0.0,0.0,0.0,0.0,0.0,100.0,2025-08-10T08:30:00.092100
0.0,0.0,0.0,0.0,0,0,0,0.0,0.4241592283633871,0.0,0.0,0.0,100.0,2025-08-10T08:35:00.092100
0.0,0.0,0.0,0.0,0,0,0.03227438537084474,0.0,3.678633678927432,0.0,0.0,0.0,100.0,2025-08-10T08:40:00.092100
1.1230534081160033,0.0,0.0,0.0,0,0,0,0.0,0.0,0.0,0.0,0.0,100.0,2025-08-10T08:45:00.092100
0.0,0.0,0.0,0.0,0,0,0.18289994602057524,0.0,0.0,0.0,0.0,0.0,100.0,2025-08-10T08:50:00.092100
0.0,0.0,0.0,0.0,0,0,0,0.0,0.0,0.0,0.0,0.0,100.0,2025-08-10T08:55:00.092100
0.0,0.0,0.0,0.0,0,0,0,0.0,0.0,0.0,0.0,0.0,100.0,2025-08-10T09:00:00.092100
0.0,0.0,0.0,0.0,0,0,0,0.0,0.0,0.0,0.0,0.0,100.0,2025-08-10T09:05:00.092100
0.0,0.0,0.0,0.0,0,0,0,0.0,0.0,0.0,0.0,0.0,100.0,2025-08-10T09:10:00.092100
0.0,0.0,0.0,0.0,0.8862764859055564,0,0,0.0,0.0,0.0,0.0,0.0,100.0,2025-08-10T09:15:00.092100
0.0,0.0,0.0,0.0,0,0,0,0.0,0.0,0.0,0.0,0.0,100.0,2025-08-10T09:20:00.092100
0.0,0.0,0.0,0.0,0,0,0,0.0,0.0,0.0,0.0,0.0,100.0,2025-08-10T09:25:00.092100
0.0,0.0,0.0,0.0,0,0,0,0.0,0.0,0.0,0.0,0.0,100.0,2025-08-10T09:30:00.092100
6.507930763852601,0.0,0.0,0.0,0.8483362525634743,0,0,0.0,0.0,0.0,0.0,0.0,100.0,2025-08-10T09:35:00.092100
0.0,0.0,0.0,0.0,0.27819372246467605,0,0,0.0,0.0,0.0,0.0,0.0,100.0,2025-08-10T09:40:00.092100
0.0,0.0,0.0,0.0,0,0,0,0.0,3.2230355294799584,0.0,0.0,0.0,100.0,2025-08-10T09:45:00.092100
0.0,0.0,0.0,0.0,0.3799917707560888,0,0,0.0,2.6553152618572526,0.0,0.0,0.0,100.0,2025-08-10T09:50:00.092100
0.0,0.0,0.0,0.0,0.6089539445936266,0,0,0.0,0.0,0.0,0.0,0.0,100.0,2025-08-10T09:55:00.092100
0.0,0.0,0.0,0.0,0,0,0,0.0,5.216392910443996,0.0,0.0,0.0,100.0,2025-08-10T10:00:00.092100
0.0,0.0,0.0,0.0,0,0,0,0.0,0.6761469635784925,0.0,0.0,0.0,100.0,2025-08-10T10:05:00.092100
0.0,0.0,0.0,0.0,0,0,0,0.0,0.0,0.0,0.0,0.0,100.0,2025-08-10T10:10:00.092100
0.0,0.0,0.0,0.0,0,0,0,0.0,2.06784176643541,0.0,0.0,0.0,100.0,2025-08-10T10:15:00.092100
6.203206448006228,0.0,0.0,0.0,0,0,0,0.0,0.0,0.0,0.0,0.0,100.0,2025-08-10T10:20:00.092100
0.0,0.0,0.0,0.0,0.9138486215919686,0,0,0.0,0.0,0.0,0.0,0.0,100.0,2025-08-10T10:25:00.092100
0.0,0.0,0.0,0.0,0,0,0,0.0,3.1089665495651033,0.0,0.0,0.0,100.0,2025-08-10T10:30:00.092100
0.0,0.0,0.0,0.0,0,0,0,0.0,0.0,0.0,0.0,0.0,100.0,2025-08-10T10:35:00.092100
0.0,0.0,0.0,0.0,0,0,0,0.0,0.0,0.0,0.0,0.0,100.0,2025-08-10T10:40:00.092100
0.0,0.0,0.0,0.0,0.01931949748654356,0,0,0.0,2.660114028481478,0.0,0.0,0.0,100.0,2025-08-10T10:45:00.092100
0.0,0.0,0.0,0.0,0,0,0,0.0,4.5620336764427885,0.0,0.0,0.0,100.0,2025-08-10T10:50:00.092100
0.0,0.0,0.0,0.0,0.040367893448286264,0,0,0.0,0.0,0.0,0.0,0.0,100.0,2025-08-10T10:55:00.092100
7.023431500458358,0.0,0.0,0.0,0.12490560580370721,0,0.06134017966939877,0.0,0.0,0.0,0.0,0.0,100.0,2025-08-10T11:00:00.092100
2.591614792396002,0.0,0.0,0.0,0,0,0,0.0,0.0,0.0,0.0,0.0,100.0,2025-08-10T11:05:00.092100
2.2590955141081293,0.0,0.0,0.0,0,0,0,0.0,0.0,0.0,0.0,0.0,100.0,2025-08-10T11:10:00.092100
0.0,0.0,0.0,0.0,0,0,0,0.0,2.601951263210459,0.0,0.0,0.0,100.0,2025-08-10T11:15:00.092100
0.0,0.0,0.0,0.0,0.5255314154222614,0,0,0.0,0.0,0.0,0.0,0.0,100.0,2025-08-10T11:20:00.092100
0.0,0.0,0.0,0.0,0,0,0,0.0,0.0,0.0,0.0,0.0,100.0,2025-08-10T11:25:00.092100
0.0,0.0,0.0,0.0,0,0,0,0.0,4.99004689484142,0.0,0.0,0.0,100.0,2025-08-10T11:30:00.092100
5.91753287312643,0.0,0.0,0.0,0,0,0,0.0,5.182001338327081,0.0,0.0,0.0,100.0,2025-08-10T11:35:00.092100
6.400516224264998,0.0,0.0,0.0,0,0,0,0.0,0.0,0.0,0.0,0.0,100.0,2025-08-10T11:40:00.092100
0.0,0.0,0.0,0.0,0.15749574600053207,0,0.08690888432863285,0.0,0.0,0.0,0.0,0.0,100.0,2025-08-10T11:45:00.092100
0.0,0.0,0.0,0.0,0,0,0,0.0,0.0,0.0,0.0,0.0,100.0,2025-08-10T11:50:00.092100
0.0,0.0,0.0,0.0,0,0,0,0.0,0.0,0.0,0.0,0.0,100.0,2025-08-10T11:55:00.092100
7.817071905227392,0.0,0.0,0.0,0,0,0,0.0,0.0,0.0,0.0,0.0,100.0,2025-08-10T12:00:00.092100
7.559509572842539,0.0,0.0,0.0,0,0,0,0.0,0.0,0.0,0.0,0.0,100.0,2025-08-10T12:05:00.092100
0.0,0.0,0.0,0.0,0,0,0.1580074509154645,0.0,0.0,0.0,0.0,0.0,100.0,2025-08-10T12:10:00.092100
0.0,0.0,0.0,0.0,0,0,0.1956385975574283,0.0,0.0,0.0,0.0,0.0,100.0,2025-08-10T12:15:00.092100
0.0,0.0,0.0,0.0,0,0,0,0.0,0.0,0.0,0.0,0.0,100.0,2025-08-10T12:20:00.092100
0.0,0.0,0.0,0.0,0.4378237818888256,0,0,0.0,0.0,0.0,0.0,0.0,100.0,2025-08-10T12:25:00.092100
0.0,0.0,0.0,0.0,0,0,0,0.0,0.0,0.0,0.0,0.0,100.0,2025-08-10T12:30:00.092100
0.0,0.0,0.0,0.0,0.5594595332905832,0,0,0.0,1.0506987355527617,0.0,0.0,0.0,100.0,2025-08-10T12:35:00.092100
6.009633484379484,0.0,0.0,0.0,0,0,0,0.0,0.15573477191725976,0.0,0.0,0.0,100.0,2025-08-10T12:40:00.092100
4.863959905840603,0.0,0.0,0.0,0,0,0.05634961888598148,0.0,0.0,0.0,0.0,0.0,100.0,2025-08-10T12:45:00.092100
0.0,0.0,0.0,0.0,0,0,0,0.0,0.0,0.0,0.0,0.0,100.0,2025-08-10T12:50:00.092100
0.0,0.0,0.0,0.0,0,0,0,0.0,0.0,0.0,0.0,0.0,100.0,2025-08-10T12:55:00.092100
0.0,0.0,0.0,0.0,0,0,0,0.0,0.0,0.0,0.0,0.0,100.0,2025-08-10T13:00:00.092100
0.0,0.0,0.0,0.0,0,0,0,0.0,1.2495216270596823,0.0,0.0,0.0,100.0,2025-08-10T13:05:00.092100
0.0,0.0,0.0,0.0,0.08506673521290917,0,0.18430229328058362,0.0,0.0,0.0,0.0,0.0,100.0,2025-08-10T13:10:00.092100
0.0,0.0,0.0,0.0,0.7978981730892499,0,0,0.0,1.3067100547563697,0.0,0.0,0.0,100.0,2025-08-10T13:15:00.092100
0.0,0.0,0.0,0.0,0.47598722500574925,0,0,0.0,4.9335620570419225,0.0,0.0,0.0,100.0,2025-08-10T13:20:00.092100
7.797444719174267,0.0,0.0,0.0,0,0,0,0.0,3.728761386854208,0.0,0.0,0.0,100.0,2025-08-10T13:25:00.092100
0.0,0.0,0.0,0.0,0.291854655035986,0,0,0.0,0.0,0.0,0.0,0.0,100.0,2025-08-10T13:30:00.092100
0.0,0.0,0.0,0.0,0,0,0,0.0,1.281815646770752,0.0,0.0,0.0,100.0,2025-08-10T13:35:00.092100
0.0,0.0,0.0,0.0,0,0,0,0.0,1.9841904654665565,0.0,0.0,0.0,100.0,2025-08-10T13:40:00.092100
0.0,0.0,0.0,0.0,0,0,0,0.0,0.0,0.0,0.0,0.0,100.0,2025-08-10T13:45:00.092100
0.0,0.0,0.0,0.0,0.04073416566730457,0,0.004807282204342165,0.0,4.943900614471417,0.0,0.0,0.0,100.0,2025-08-10T13:50:00.092100
98.4553863680338,148.80638525055787,86939.29813925801,25295813,0.8542419011532724,1,12.077980970324674,4.091886239929519,87.44963712722422,131.67920965831144,36491.45650681524,27160.153686247944,4027.240257504586,2025-08-10T13:55:00.092100
0.0,0.0,0.0,0.0,0.42050080988562205,0,0.17480076288732815,0.0,0.0,0.0,0.0,0.0,100.0,2025-08-10T14:00:00.092100
99.62836854230838,185.10774026980903,67408.60727163736,12173567,0.8992948677325096,1,12.142355441506853,6.858962390438956,90.26273868985518,148.96346965480038,46499.137756703516,67641.34266988901,4719.185783534985,2025-08-10T14:05:00.092100
0.0,0.0,0.0,0.0,0,0,0.1467858414106521,0.0,4.414879429099051,0.0,0.0,0.0,100.0,2025-08-10T14:10:00.092100
0.0,0.0,0.0,0.0,0,0,0,0.0,0.0,0.0,0.0,0.0,100.0,2025-08-10T14:15:00.092100
5.561878464337843,0.0,0.0,0.0,0.14936621731165067,0,0,0.0,0.0,0.0,0.0,0.0,100.0,2025-08-10T14:20:00.092100
6.007493489028595,0.0,0.0,0.0,0,0,0.08155954067696498,0.0,0.0,0.0,0.0,0.0,100.0,2025-08-10T14:25:00.092100
0.0,0.0,0.0,0.0,0.8742765993752502,0,0.10492078029999534,0.0,4.265130278938727,0.0,0.0,0.0,100.0,2025-08-10T14:30:00.092100
0.0,0.0,0.0,0.0,0,0,0,0.0,4.575366957814102,0.0,0.0,0.0,100.0,2025-08-10T14:35:00.092100
1.9165603009002359,0.0,0.0,0.0,0,0,0.02610695221715253,0.0,0.0,0.0,0.0,0.0,100.0,2025-08-10T14:40:00.092100
7.370840383721528,0.0,0.0,0.0,0,0,0.13752693308053823,0.0,0.0,0.0,0.0,0.0,100.0,2025-08-10T14:45:00.092100
0.0,0.0,0.0,0.0,0,0,0,0.0,3.9101199756755607,0.0,0.0,0.0,100.0,2025-08-10T14:50:00.092100
0.0,0.0,0.0,0.0,0,0,0,0.0,0.0,0.0,0.0,0.0,100.0,2025-08-10T14:55:00.092100
0.0,0.0,0.0,0.0,0,0,0,0.0,0.0,0.0,0.0,0.0,100.0,2025-08-10T15:00:00.092100
0.0,0.0,0.0,0.0,0,0,0.1267087812987409,0.0,0.0,0.0,0.0,0.0,100.0,2025-08-10T15:05:00.092100
0.0,0.0,0.0,0.0,0,0,0,0.0,3.212621222562451,0.0,0.0,0.0,100.0,2025-08-10T15:10:00.092100
2.2497897460155145,0.0,0.0,0.0,0.227753897567763,0,0.06756736688346239,0.0,0.0,0.0,0.0,0.0,100.0,2025-08-10T15:15:00.092100
2.4013817976652096,0.0,0.0,0.0,0,0,0,0.0,0.0,0.0,0.0,0.0,100.0,2025-08-10T15:20:00.092100
3.2257968396304957,0.0,0.0,0.0,0,0,0,0.0,0.0,0.0,0.0,0.0,100.0,2025-08-10T15:25:00.092100
0.0,0.0,0.0,0.0,0.21156538911050576,0,0.031456953546271565,0.0,4.236918700912774,0.0,0.0,0.0,100.0,2025-08-10T15:30:00.092100
0.0,0.0,0.0,0.0,0,0,0,0.0,0.917271896198213,0.0,0.0,0.0,100.0,2025-08-10T15:35:00.092100
1.3489589963729187,0.0,0.0,0.0,0,0,0,0.0,0.0,0.0,0.0,0.0,100.0,2025-08-10T15:40:00.092100
0.7267288016609791,0.0,0.0,0.0,0,0,0,0.0,2.8558135669157276,0.0,0.0,0.0,100.0,2025-08-10T15:45:00.092100
0.0,0.0,0.0,0.0,0,0,0.1905417481229152,0.0,0.0,0.0,0.0,0.0,100.0,2025-08-10T15:50:00.092100
0.0,0.0,0.0,0.0,0.6947514327758872,0,0.04534431604847012,0.0,2.641020113620121,0.0,0.0,0.0,100.0,2025-08-10T15:55:00.092100
0.6157262590155446,0.0,0.0,0.0,0.7257054675582055,0,0.11472518220552956,0.0,5.126581438952076,0.0,0.0,0.0,100.0,2025-08-10T16:00:00.092100
1.4798877970814133,0.0,0.0,0.0,0,0,0,0.0,0.0,0.0,0.0,0.0,100.0,2025-08-10T16:05:00.092100
0.0,0.0,0.0,0.0,0.8495460776972732,0,0,0.0,0.0,0.0,0.0,0.0,100.0,2025-08-10T16:10:00.092100
0.0,0.0,0.0,0.0,0,0,0,0.0,0.7292030812384585,0.0,0.0,0.0,100.0,2025-08-10T16:15:00.092100
0.0,0.0,0.0,0.0,0.4563706186102317,0,0,0.0,2.913722708305692,0.0,0.0,0.0,100.0,2025-08-10T16:20:00.092100
0.0,0.0,0.0,0.0,0,0,0.008040695497306762,0.0,4.593352109312755,0.0,0.0,0.0,100.0,2025-08-10T16:25:00.092100
0.0,0.0,0.0,0.0,0,0,0,0.0,4.147312434568123,0.0,0.0,0.0,100.0,2025-08-10T16:30:00.092100
0.0,0.0,0.0,0.0,0.7398028623610651,0,0,0.0,2.657869787732235,0.0,0.0,0.0,100.0,2025-08-10T16:35:00.092100
7.385229395548681,0.0,0.0,0.0,0.6930515749848121,0,0,0.0,0.0,0.0,0.0,0.0,100.0,2025-08-10T16:40:00.092100
0.0,0.0,0.0,0.0,0,0,0,0.0,0.0,0.0,0.0,0.0,100.0,2025-08-10T16:45:00.092100
0.0,0.0,0.0,0.0,0.5561279060432828,0,0,0.0,0.0,0.0,0.0,0.0,100.0,2025-08-10T16:50:00.092100
0.0,0.0,0.0,0.0,0,0,0.002881808925917241,0.0,0.0,0.0,0.0,0.0,100.0,2025-08-10T16:55:00.092100
0.0,0.0,0.0,0.0,0,0,0,0.0,0.0,0.0,0.0,0.0,100.0,2025-08-10T17:00:00.092100
0.0,0.0,0.0,0.0,0,0,0,0.0,3.5563403634485695,0.0,0.0,0.0,100.0,2025-08-10T17:05:00.092100
3.1933367025971178,0.0,0.0,0.0,0,0,0.0552940831862989,0.0,3.479080643738954,0.0,0.0,0.0,100.0,2025-08-10T17:10:00.092100
0.0,0.0,0.0,0.0,0,0,0.13340187433555,0.0,0.0,0.0,0.0,0.0,100.0,2025-08-10T17:15:00.092100
0.0,0.0,0.0,0.0,0,0,0,0.0,0.0,0.0,0.0,0.0,100.0,2025-08-10T17:20:00.092100
0.0,0.0,0.0,0.0,0,0,0,0.0,1.7801748594093443,0.0,0.0,0.0,100.0,2025-08-10T17:25:00.092100
92.58922983755616,180.04158387412656,64712.47274824065,18093512,0.9356650259976292,1,14.758322394643937,3.3036863689472318,88.57428588863208,90.11873030022969,67580.26241663427,18396.86303754501,3649.1332003389452,2025-08-10T17:30:00.092100
0.0,0.0,0.0,0.0,0.7863424150842542,0,0,0.0,0.0,0.0,0.0,0.0,100.0,2025-08-10T17:35:00.092100
2.1456988727640254,0.0,0.0,0.0,0,0,0,0.0,0.6318643381101244,0.0,0.0,0.0,100.0,2025-08-10T17:40:00.092100
0.0,0.0,0.0,0.0,0,0,0.11477994675979382,0.0,0.0,0.0,0.0,0.0,100.0,2025-08-10T17:45:00.092100
0.0,0.0,0.0,0.0,0.7518811811869306,0,0,0.0,3.080947301007161,0.0,0.0,0.0,100.0,2025-08-10T17:50:00.092100
0.0,0.0,0.0,0.0,0.7079579367900727,0,0,0.0,0.0,0.0,0.0,0.0,100.0,2025-08-10T17:55:00.092100
0.0,0.0,0.0,0.0,0.14926127875133632,0,0.03465931628491336,0.0,0.0,0.0,0.0,0.0,100.0,2025-08-10T18:00:00.092100
0.0,0.0,0.0,0.0,0.33288169785887106,0,0.06036630788505403,0.0,0.0,0.0,0.0,0.0,100.0,2025-08-10T18:05:00.092100
0.0,0.0,0.0,0.0,0.6023100148524598,0,0,0.0,0.0,0.0,0.0,0.0,100.0,2025-08-10T18:10:00.092100
0.0,0.0,0.0,0.0,0.16382046697648614,0,0,0.0,0.0,0.0,0.0,0.0,100.0,2025-08-10T18:15:00.092100
0.9638119912651505,0.0,0.0,0.0,0,0,0,0.0,3.3786589883252325,0.0,0.0,0.0,100.0,2025-08-10T18:20:00.092100
0.0,0.0,0.0,0.0,0,0,0.17187906032728753,0.0,0.0,0.0,0.0,0.0,100.0,2025-08-10T18:25:00.092100
0.0,0.0,0.0,0.0,0,0,0,0.0,0.0,0.0,0.0,0.0,100.0,2025-08-10T18:30:00.092100
6.148147267733585,0.0,0.0,0.0,0,0,0,0.0,0.0,0.0,0.0,0.0,100.0,2025-08-10T18:35:00.092100
0.0,0.0,0.0,0.0,0,0,0,0.0,0.0,0.0,0.0,0.0,100.0,2025-08-10T18:40:00.092100
0.0,0.0,0.0,0.0,0,0,0.11608351819111476,0.0,1.0504147498154002,0.0,0.0,0.0,100.0,2025-08-10T18:45:00.092100
0.0,0.0,0.0,0.0,0,0,0.06939259292116864,0.0,0.8723771786538023,0.0,0.0,0.0,100.0,2025-08-10T18:50:00.092100
0.0,0.0,0.0,0.0,0,0,0.09359156237957382,0.0,0.0,0.0,0.0,0.0,100.0,2025-08-10T18:55:00.092100
6.326750696087206,0.0,0.0,0.0,0.5755138897439198,0,0.10028832605842503,0.0,0.0,0.0,0.0,0.0,100.0,2025-08-10T19:00:00.092100
0.0,0.0,0.0,0.0,0,0,0.15170254210039522,0.0,2.3946625087528917,0.0,0.0,0.0,100.0,2025-08-10T19:05:00.092100
0.0,0.0,0.0,0.0,0,0,0,0.0,0.0,0.0,0.0,0.0,100.0,2025-08-10T19:10:00.092100
0.0,0.0,0.0,0.0,0,0,0,0.0,0.0,0.0,0.0,0.0,100.0,2025-08-10T19:15:00.092100
0.0,0.0,0.0,0.0,0.9072075091448484,0,0,0.0,5.981458185663626,0.0,0.0,0.0,100.0,2025-08-10T19:20:00.092100
0.0,0.0,0.0,0.0,0,0,0,0.0,0.0,0.0,0.0,0.0,100.0,2025-08-10T19:25:00.092100
0.0,0.0,0.0,0.0,0.46958394124264063,0,0,0.0,0.4179993452431804,0.0,0.0,0.0,100.0,2025-08-10T19:30:00.092100
0.0,0.0,0.0,0.0,0,0,0,0.0,0.0,0.0,0.0,0.0,100.0,2025-08-10T19:35:00.092100
4.537017618756438,0.0,0.0,0.0,0,0,0,0.0,0.0,0.0,0.0,0.0,100.0,2025-08-10T19:40:00.092100
0.0,0.0,0.0,0.0,0,0,0,0.0,0.0,0.0,0.0,0.0,100.0,2025-08-10T19:45:00.092100
0.0,0.0,0.0,0.0,0,0,0,0.0,0.0,0.0,0.0,0.0,100.0,2025-08-10T19:50:00.092100
0.0,0.0,0.0,0.0,0.6325579397726219,0,0,0.0,4.5669743698560845,0.0,0.0,0.0,100.0,2025-08-10T19:55:00.092100
0.0,0.0,0.0,0.0,0.21757904583121762,0,0,0.0,0.0,0.0,0.0,0.0,100.0,2025-08-10T20:00:00.092100
0.0,0.0,0.0,0.0,0,0,0,0.0,0.0,0.0,0.0,0.0,100.0,2025-08-10T20:05:00.092100
0.0,0.0,0.0,0.0,0,0,0,0.0,3.542320566651695,0.0,0.0,0.0,100.0,2025-08-10T20:10:00.092100
0.5279264655468975,0.0,0.0,0.0,0.47905220521378444,0,0,0.0,0.0,0.0,0.0,0.0,100.0,2025-08-10T20:15:00.092100
0.0,0.0,0.0,0.0,0,0,0.1638272113024873,0.0,0.8614031619479005,0.0,0.0,0.0,100.0,2025-08-10T20:20:00.092100
0.0,0.0,0.0,0.0,0.7875535116262435,0,0,0.0,2.9997917868599258,0.0,0.0,0.0,100.0,2025-08-10T20:25:00.092100
0.7611919721144239,0.0,0.0,0.0,0.3914665369384442,0,0,0.0,3.181489136744394,0.0,0.0,0.0,100.0,2025-08-10T20:30:00.092100
0.0,0.0,0.0,0.0,0,0,0,0.0,0.0,0.0,0.0,0.0,100.0,2025-08-10T20:35:00.092100
0.0,0.0,0.0,0.0,0,0,0,0.0,1.4188286357912678,0.0,0.0,0.0,100.0,2025-08-10T20:40:00.092100
0.0,0.0,0.0,0.0,0,0,0,0.0,0.0,0.0,0.0,0.0,100.0,2025-08-10T20:45:00.092100
0.0,0.0,0.0,0.0,0.07157806886098347,0,0,0.0,0.0,0.0,0.0,0.0,100.0,2025-08-10T20:50:00.092100
0.0,0.0,0.0,0.0,0,0,0,0.0,0.0,0.0,0.0,0.0,100.0,2025-08-10T20:55:00.092100
0.0,0.0,0.0,0.0,0,0,0,0.0,0.0,0.0,0.0,0.0,100.0,2025-08-10T21:00:00.092100
0.0,0.0,0.0,0.0,0,0,0.0337284439634166,0.0,0.0,0.0,0.0,0.0,100.0,2025-08-10T21:05:00.092100
0.0,0.0,0.0,0.0,0,0,0.1618307272842635,0.0,0.0,0.0,0.0,0.0,100.0,2025-08-10T21:10:00.092100
0.0,0.0,0.0,0.0,0,0,0.030186300839940113,0.0,3.9673148980211645,0.0,0.0,0.0,100.0,2025-08-10T21:15:00.092100
0.0,0.0,0.0,0.0,0.18991970987340462,0,0,0.0,2.837304305091608,0.0,0.0,0.0,100.0,2025-08-10T21:20:00.092100
0.0,0.0,0.0,0.0,0,0,0,0.0,0.0,0.0,0.0,0.0,100.0,2025-08-10T21:25:00.092100
3.3191715579857823,0.0,0.0,0.0,0,0,0.017739017832516503,0.0,0.5640982641096922,0.0,0.0,0.0,100.0,2025-08-10T21:30:00.092100
0.0,0.0,0.0,0.0,0.3949085319975664,0,0,0.0,0.0,0.0,0.0,0.0,100.0,2025-08-10T21:35:00.092100
0.0,0.0,0.0,0.0,0,0,0,0.0,0.0,0.0,0.0,0.0,100.0,2025-08-10T21:40:00.092100
7.175763911323038,0.0,0.0,0.0,0,0,0.07445260056045858,0.0,0.0,0.0,0.0,0.0,100.0,2025-08-10T21:45:00.092100
0.0,0.0,0.0,0.0,0,0,0,0.0,1.9129028422770107,0.0,0.0,0.0,100.0,2025-08-10T21:50:00.092100
0.0,0.0,0.0,0.0,0,0,0,0.0,3.719065655932034,0.0,0.0,0.0,100.0,2025-08-10T21:55:00.092100
0.7900220802453753,0.0,0.0,0.0,0.41944386039010073,0,0,0.0,0.0,0.0,0.0,0.0,100.0,2025-08-10T22:00:00.092100
0.0,0.0,0.0,0.0,0,0,0,0.0,0.0,0.0,0.0,0.0,100.0,2025-08-10T22:05:00.092100
0.0,0.0,0.0,0.0,0.48146503680546615,0,0,0.0,3.164524535947194,0.0,0.0,0.0,100.0,2025-08-10T22:10:00.092100
1.6659300478694203,0.0,0.0,0.0,0,0,0,0.0,0.0,0.0,0.0,0.0,100.0,2025-08-10T22:15:00.092100
0.1416765154527762,0.0,0.0,0.0,0.7191177547532133,0,0,0.0,0.0,0.0,0.0,0.0,100.0,2025-08-10T22:20:00.092100
0.0,0.0,0.0,0.0,0.8659251932699473,0,0,0.0,0.0,0.0,0.0,0.0,100.0,2025-08-10T22:25:00.092100
0.0,0.0,0.0,0.0,0,0,0,0.0,0.0,0.0,0.0,0.0,100.0,2025-08-10T22:30:00.092100
0.9892957158381801,0.0,0.0,0.0,0,0,0,0.0,0.0,0.0,0.0,0.0,100.0,2025-08-10T22:35:00.092100
7.880793750286421,0.0,0.0,0.0,0.6200299834222692,0,0.1799418675574799,0.0,0.0,0.0,0.0,0.0,100.0,2025-08-10T22:40:00.092100
1.6810076201490045,0.0,0.0,0.0,0,0,0,0.0,0.0,0.0,0.0,0.0,100.0,2025-08-10T22:45:00.092100
0.0,0.0,0.0,0.0,0,0,0.13837618006166427,0.0,0.0,0.0,0.0,0.0,100.0,2025-08-10T22:50:00.092100
0.0,0.0,0.0,0.0,0,0,0,0.0,0.0,0.0,0.0,0.0,100.0,2025-08-10T22:55:00.092100
6.767396294994093,0.0,0.0,0.0,0.6811187142107851,0,0,0.0,0.6382220631178813,0.0,0.0,0.0,100.0,2025-08-10T23:00:00.092100
0.0,0.0,0.0,0.0,0,0,0.09025427839953472,0.0,0.0,0.0,0.0,0.0,100.0,2025-08-10T23:05:00.092100
0.0,0.0,0.0,0.0,0,0,0.05542071641130465,0.0,0.0,0.0,0.0,0.0,100.0,2025-08-10T23:10:00.092100
6.05191803589399,0.0,0.0,0.0,0,0,0.06948253049841274,0.0,2.708558199812166,0.0,0.0,0.0,100.0,2025-08-10T23:15:00.092100
0.0,0.0,0.0,0.0,0,0,0,0.0,0.0,0.0,0.0,0.0,100.0,2025-08-10T23:20:00.092100
0.0,0.0,0.0,0.0,0,0,0,0.0,0.0,0.0,0.0,0.0,100.0,2025-08-10T23:25:00.092100
0.0,0.0,0.0,0.0,0.49500063536771016,0,0,0.0,0.0,0.0,0.0,0.0,100.0,2025-08-10T23:30:00.092100
0.0,0.0,0.0,0.0,0,0,0,0.0,4.397566561989076,0.0,0.0,0.0,100.0,2025-08-10T23:35:00.092100
0.0,0.0,0.0,0.0,0,0,0,0.0,0.0,0.0,0.0,0.0,100.0,2025-08-10T23:40:00.092100
0.0,0.0,0.0,0.0,0.5762699244755572,0,0,0.0,0.7040520266266594,0.0,0.0,0.0,100.0,2025-08-10T23:45:00.092100
5.20074524052886,0.0,0.0,0.0,0,0,0,0.0,2.5825005013373135,0.0,0.0,0.0,100.0,2025-08-10T23:50:00.092100
0.0,0.0,0.0,0.0,0.5642194161621402,0,0.11082519647770311,0.0,2.50789688644221,0.0,0.0,0.0,100.0,2025-08-10T23:55:00.092100
6.893452032459546,0.0,0.0,0.0,0,0,0.10015529254215999,0.0,5.55925141823785,0.0,0.0,0.0,100.0,2025-08-11T00:00:00.092100
92.34137344210521,123.19751783580901,86151.70118300854,3475936,0.8277930466455335,1,11.078445879208857,7.261508887969142,96.01438616671398,115.19367092823313,25836.377740876706,66585.91806576843,3267.9612633986217,2025-08-11T00:05:00.092100
0.0,0.0,0.0,0.0,0.9252007097841933,0,0,0.0,0.0,0.0,0.0,0.0,100.0,2025-08-11T00:10:00.092100
0.0,0.0,0.0,0.0,0,0,0.006858175577034411,0.0,0.07121610306038297,0.0,0.0,0.0,100.0,2025-08-11T00:15:00.092100
0.0,0.0,0.0,0.0,0,0,0,0.0,0.0,0.0,0.0,0.0,100.0,2025-08-11T00:20:00.092100
0.0,0.0,0.0,0.0,0,0,0,0.0,0.0,0.0,0.0,0.0,100.0,2025-08-11T00:25:00.092100
0.0,0.0,0.0,0.0,0,0,0.05820546855142348,0.0,0.0,0.0,0.0,0.0,100.0,2025-08-11T00:30:00.092100
5.389070029585788,0.0,0.0,0.0,0.4501570327283283,0,0.03795988067481154,0.0,0.0,0.0,0.0,0.0,100.0,2025-08-11T00:35:00.092100
0.0,0.0,0.0,0.0,0,0,0,0.0,0.0,0.0,0.0,0.0,100.0,2025-08-11T00:40:00.092100
0.0,0.0,0.0,0.0,0,0,0,0.0,2.3106756072737786,0.0,0.0,0.0,100.0,2025-08-11T00:45:00.092100
0.0,0.0,0.0,0.0,0.7843476817131405,0,0,0.0,2.712413564860628,0.0,0.0,0.0,100.0,2025-08-11T00:50:00.092100
7.383372561694441,0.0,0.0,0.0,0,0,0,0.0,0.0,0.0,0.0,0.0,100.0,2025-08-11T00:55:00.092100
0.0,0.0,0.0,0.0,0.9276884881431352,0,0,0.0,0.7557562381846222,0.0,0.0,0.0,100.0,2025-08-11T01:00:00.092100
0.0,0.0,0.0,0.0,0,0,0,0.0,0.0,0.0,0.0,0.0,100.0,2025-08-11T01:05:00.092100
0.0,0.0,0.0,0.0,0,0,0.03553871400515813,0.0,0.0,0.0,0.0,0.0,100.0,2025-08-11T01:10:00.092100
3.0688376951784777,0.0,0.0,0.0,0,0,0,0.0,0.0,0.0,0.0,0.0,100.0,2025-08-11T01:15:00.092100
0.0,0.0,0.0,0.0,0.22600200730235862,0,0,0.0,0.0,0.0,0.0,0.0,100.0,2025-08-11T01:20:00.092100
0.0,0.0,0.0,0.0,0,0,0,0.0,0.0,0.0,0.0,0.0,100.0,2025-08-11T01:25:00.092100
0.0,0.0,0.0,0.0,0,0,0,0.0,1.9818356285175043,0.0,0.0,0.0,100.0,2025-08-11T01:30:00.092100
0.0,0.0,0.0,0.0,0,0,0,0.0,0.0,0.0,0.0,0.0,100.0,2025-08-11T01:35:00.092100
0.0,0.0,0.0,0.0,0,0,0.1460931705358956,0.0,5.457461112199875,0.0,0.0,0.0,100.0,2025-08-11T01:40:00.092100
0.0,0.0,0.0,0.0,0,0,0,0.0,0.0,0.0,0.0,0.0,100.0,2025-08-11T01:45:00.092100
0.0,0.0,0.0,0.0,0.13767847943087566,0,0,0.0,0.0,0.0,0.0,0.0,100.0,2025-08-11T01:50:00.092100
3.5389868912983817,0.0,0.0,0.0,0,0,0,0.0,0.2620742675476645,0.0,0.0,0.0,100.0,2025-08-11T01:55:00.092100
1.819045071795169,0.0,0.0,0.0,0,0,0,0.0,3.298125873584904,0.0,0.0,0.0,100.0,2025-08-11T02:00:00.092100
0.0,0.0,0.0,0.0,0,0,0.08230944251300884,0.0,0.0,0.0,0.0,0.0,100.0,2025-08-11T02:05:00.092100
0.0,0.0,0.0,0.0,0,0,0,0.0,1.4710126016197673,0.0,0.0,0.0,100.0,2025-08-11T02:10:00.092100
0.0,0.0,0.0,0.0,0.28718669594458773,0,0,0.0,0.0,0.0,0.0,0.0,100.0,2025-08-11T02:15:00.092100
3.281822983019139,0.0,0.0,0.0,0,0,0,0.0,0.0,0.0,0.0,0.0,100.0,2025-08-11T02:20:00.092100
0.0,0.0,0.0,0.0,0.9572208897151887,0,0,0.0,0.0,0.0,0.0,0.0,100.0,2025-08-11T02:25:00.092100
0.0,0.0,0.0,0.0,0,0,0,0.0,0.0,0.0,0.0,0.0,100.0,2025-08-11T02:30:00.092100
5.881703617405522,0.0,0.0,0.0,0,0,0,0.0,0.0,0.0,0.0,0.0,100.0,2025-08-11T02:35:00.092100
0.0,0.0,0.0,0.0,0,0,0,0.0,0.6164544856671779,0.0,0.0,0.0,100.0,2025-08-11T02:40:00.092100
1.6627923315566315,0.0,0.0,0.0,0,0,0,0.0,2.953941508300625,0.0,0.0,0.0,100.0,2025-08-11T02:45:00.092100
0.0,0.0,0.0,0.0,0,0,0.07302897641683254,0.0,0.0,0.0,0.0,0.0,100.0,2025-08-11T02:50:00.092100
98.93499146031238,146.15577976498838,50399.12108643074,44728006,0.8645812125993897,1,12.05827033303111,6.330028718211708,96.87858836542841,94.92386800990928,20632.81910446972,60548.288639552804,2942.2523735306477,2025-08-11T02:55:00.092100
0.0,0.0,0.0,0.0,0,0,0,0.0,0.0,0.0,0.0,0.0,100.0,2025-08-11T03:00:00.092100
0.0,0.0,0.0,0.0,0,0,0.037585884271716524,0.0,0.0,0.0,0.0,0.0,100.0,2025-08-11T03:05:00.092100
0.0,0.0,0.0,0.0,0.7484270780089718,0,0,0.0,0.0,0.0,0.0,0.0,100.0,2025-08-11T03:10:00.092100
4.820829787211293,0.0,0.0,0.0,0,0,0,0.0,0.0,0.0,0.0,0.0,100.0,2025-08-11T03:15:00.092100
0.0,0.0,0.0,0.0,0,0,0,0.0,4.6054890261772945,0.0,0.0,0.0,100.0,2025-08-11T03:20:00.092100
0.0,0.0,0.0,0.0,0.1861405780934289,0,0,0.0,0.0,0.0,0.0,0.0,100.0,2025-08-11T03:25:00.092100
0.0,0.0,0.0,0.0,0,0,0.14045329416939087,0.0,4.53130236308233,0.0,0.0,0.0,100.0,2025-08-11T03:30:00.092100
7.964474678450726,0.0,0.0,0.0,0,0,0.1745350125546469,0.0,0.0,0.0,0.0,0.0,100.0,2025-08-11T03:35:00.092100
0.0,0.0,0.0,0.0,0,0,0,0.0,0.0,0.0,0.0,0.0,100.0,2025-08-11T03:40:00.092100
0.0,0.0,0.0,0.0,0.7019770902466314,0,0.16699054050919002,0.0,0.0,0.0,0.0,0.0,100.0,2025-08-11T03:45:00.092100
0.0,0.0,0.0,0.0,0.3391812839551625,0,0,0.0,0.0,0.0,0.0,0.0,100.0,2025-08-11T03:50:00.092100
6.124810411481374,0.0,0.0,0.0,0,0,0.07358255193566766,0.0,0.0,0.0,0.0,0.0,100.0,2025-08-11T03:55:00.092100
2.262918962704197,0.0,0.0,0.0,0.16808801193832507,0,0,0.0,0.0,0.0,0.0,0.0,100.0,2025-08-11T04:00:00.092100
0.0,0.0,0.0,0.0,0,0,0,0.0,3.913583826881888,0.0,0.0,0.0,100.0,2025-08-11T04:05:00.092100
0.0,0.0,0.0,0.0,0,0,0,0.0,4.45500786995871,0.0,0.0,0.0,100.0,2025-08-11T04:10:00.092100
0.0,0.0,0.0,0.0,0.564350804287252,0,0,0.0,0.0,0.0,0.0,0.0,100.0,2025-08-11T04:15:00.092100
0.0,0.0,0.0,0.0,0,0,0,0.0,0.0,0.0,0.0,0.0,100.0,2025-08-11T04:20:00.092100
0.0,0.0,0.0,0.0,0,0,0,0.0,2.713128638613462,0.0,0.0,0.0,100.0,2025-08-11T04:25:00.092100
0.0,0.0,0.0,0.0,0,0,0,0.0,2.491596376784053,0.0,0.0,0.0,100.0,2025-08-11T04:30:00.092100
0.7395631440637361,0.0,0.0,0.0,0,0,0,0.0,2.298053751259478,0.0,0.0,0.0,100.0,2025-08-11T04:35:00.092100
0.0,0.0,0.0,0.0,0,0,0,0.0,0.0,0.0,0.0,0.0,100.0,2025-08-11T04:40:00.092100
0.0,0.0,0.0,0.0,0,0,0,0.0,0.0,0.0,0.0,0.0,100.0,2025-08-11T04:45:00.092100
0.0,0.0,0.0,0.0,0.49565711357213726,0,0,0.0,0.0,0.0,0.0,0.0,100.0,2025-08-11T04:50:00.092100
0.0,0.0,0.0,0.0,0.3912596979950885,0,0,0.0,5.56542574968618,0.0,0.0,0.0,100.0,2025-08-11T04:55:00.092100
0.0,0.0,0.0,0.0,0.9692843812236566,0,0,0.0,4.579503502239042,0.0,0.0,0.0,100.0,2025-08-11T05:00:00.092100
0.0,0.0,0.0,0.0,0,0,0,0.0,0.0,0.0,0.0,0.0,100.0,2025-08-11T05:05:00.092100
0.0,0.0,0.0,0.0,0,0,0,0.0,4.770958307923119,0.0,0.0,0.0,100.0,2025-08-11T05:10:00.092100
0.0,0.0,0.0,0.0,0,0,0,0.0,0.0,0.0,0.0,0.0,100.0,2025-08-11T05:15:00.092100
0.0,0.0,0.0,0.0,0.7135350595573424,0,0,0.0,0.0,0.0,0.0,0.0,100.0,2025-08-11T05:20:00.092100
0.0,0.0,0.0,0.0,0,0,0,0.0,0.0,0.0,0.0,0.0,100.0,2025-08-11T05:25:00.092100
2.650155578071459,0.0,0.0,0.0,0.8975048734536843,0,0,0.0,0.0,0.0,0.0,0.0,100.0,2025-08-11T05:30:00.092100
0.0,0.0,0.0,0.0,0.7890082929072609,0,0,0.0,0.0,0.0,0.0,0.0,100.0,2025-08-11T05:35:00.092100
0.0,0.0,0.0,0.0,0,0,0,0.0,0.0,0.0,0.0,0.0,100.0,2025-08-11T05:40:00.092100
4.239192794413114,0.0,0.0,0.0,0,0,0.18031236592697217,0.0,0.17372668705685984,0.0,0.0,0.0,100.0,2025-08-11T05:45:00.092100
92.28691688993193,152.89335977863792,13001.979614845688,18668802,0.9299907541310932,1,11.630355874174548,6.316091666904592,89.44494479651807,57.41169792417101,99358.03701187519,33817.6170018103,2346.742153657671,2025-08-11T05:50:00.092100
0.0,0.0,0.0,0.0,0,0,0,0.0,1.3635738091668195,0.0,0.0,0.0,100.0,2025-08-11T05:55:00.092100
0.0,0.0,0.0,0.0,0.6969786034010681,0,0,0.0,2.3627736984518712,0.0,0.0,0.0,100.0,2025-08-11T06:00:00.092100
0.0,0.0,0.0,0.0,0,0,0,0.0,0.0,0.0,0.0,0.0,100.0,2025-08-11T06:05:00.092100
0.0,0.0,0.0,0.0,0.326171055766475,0,0,0.0,0.0,0.0,0.0,0.0,100.0,2025-08-11T06:10:00.092100
0.0,0.0,0.0,0.0,0,0,0.0328848517864762,0.0,0.0,0.0,0.0,0.0,100.0,2025-08-11T06:15:00.092100
1.8174049352020596,0.0,0.0,0.0,0,0,0,0.0,0.0,0.0,0.0,0.0,100.0,2025-08-11T06:20:00.092100
0.0,0.0,0.0,0.0,0.05464223378704291,0,0,0.0,1.627182207918992,0.0,0.0,0.0,100.0,2025-08-11T06:25:00.092100
4.418352311282399,0.0,0.0,0.0,0,0,0.18418104639449698,0.0,0.0,0.0,0.0,0.0,100.0,2025-08-11T06:30:00.092100
0.0,0.0,0.0,0.0,0,0,0,0.0,0.0,0.0,0.0,0.0,100.0,2025-08-11T06:35:00.092100
0.0,0.0,0.0,0.0,0,0,0.16727606027522535,0.0,0.0,0.0,0.0,0.0,100.0,2025-08-11T06:40:00.092100
0.0,0.0,0.0,0.0,0,0,0,0.0,4.332224981792923,0.0,0.0,0.0,100.0,2025-08-11T06:45:00.092100
7.482977309863384,0.0,0.0,0.0,0,0,0,0.0,0.0,0.0,0.0,0.0,100.0,2025-08-11T06:50:00.092100
0.0,0.0,0.0,0.0,0,0,0,0.0,3.1277362525307404,0.0,0.0,0.0,100.0,2025-08-11T06:55:00.092100
0.0,0.0,0.0,0.0,0,0,0,0.0,3.0946717887684154,0.0,0.0,0.0,100.0,2025-08-11T07:00:00.092100
0.0,0.0,0.0,0.0,0,0,0.19224703614618158,0.0,0.0,0.0,0.0,0.0,100.0,2025-08-11T07:05:00.092100
0.0,0.0,0.0,0.0,0.3680283243838872,0,0,0.0,5.489876796181999,0.0,0.0,0.0,100.0,2025-08-11T07:10:00.092100
0.0,0.0,0.0,0.0,0,0,0,0.0,3.192642547641991,0.0,0.0,0.0,100.0,2025-08-11T07:15:00.092100
0.0,0.0,0.0,0.0,0,0,0,0.0,0.0,0.0,0.0,0.0,100.0,2025-08-11T07:20:00.092100
0.0,0.0,0.0,0.0,0.9426928629350967,0,0,0.0,0.0,0.0,0.0,0.0,100.0,2025-08-11T07:25:00.092100
0.0,0.0,0.0,0.0,0.26102663414692306,0,0,0.0,0.0,0.0,0.0,0.0,100.0,2025-08-11T07:30:00.092100
0.0,0.0,0.0,0.0,0,0,0,0.0,3.1127893734981633,0.0,0.0,0.0,100.0,2025-08-11T07:35:00.092100
0.3088352321178368,0.0,0.0,0.0,0,0,0,0.0,0.0,0.0,0.0,0.0,100.0,2025-08-11T07:40:00.092100
0.0,0.0,0.0,0.0,0.3156727918626729,0,0,0.0,0.0,0.0,0.0,0.0,100.0,2025-08-11T07:45:00.092100
0.0,0.0,0.0,0.0,0,0,0,0.0,0.0,0.0,0.0,0.0,100.0,2025-08-11T07:50:00.092100
0.0,0.0,0.0,0.0,0,0,0.14245783814379212,0.0,0.0,0.0,0.0,0.0,100.0,2025-08-11T07:55:00.092100
0.0,0.0,0.0,0.0,0,0,0.10910225925189274,0.0,0.0,0.0,0.0,0.0,100.0,2025-08-11T08:00:00.092100
0.0,0.0,0.0,0.0,0.4075267928888289,0,0,0.0,0.0,0.0,0.0,0.0,100.0,2025-08-11T08:05:00.092100
0.0,0.0,0.0,0.0,0,0,0.0960021693703435,0.0,0.0,0.0,0.0,0.0,100.0,2025-08-11T08:10:00.092100
0.0,0.0,0.0,0.0,0,0,0.15807712521876174,0.0,0.01561561856242421,0.0,0.0,0.0,100.0,2025-08-11T08:15:00.092100
0.7648405033327943,0.0,0.0,0.0,0,0,0,0.0,2.64887933431629,0.0,0.0,0.0,100.0,2025-08-11T08:20:00.092100
0.0,0.0,0.0,0.0,0,0,0,0.0,0.0,0.0,0.0,0.0,100.0,2025-08-11T08:25:00.092100
0.0,0.0,0.0,0.0,0,0,0,0.0,3.872065282344393,0.0,0.0,0.0,100.0,2025-08-11T08:30:00.092100
0.0,0.0,0.0,0.0,0,0,0,0.0,0.0,0.0,0.0,0.0,100.0,2025-08-11T08:35:00.092100
0.0,0.0,0.0,0.0,0,0,0,0.0,0.0,0.0,0.0,0.0,100.0,2025-08-11T08:40:00.092100
0.0,0.0,0.0,0.0,0,0,0,0.0,0.0,0.0,0.0,0.0,100.0,2025-08-11T08:45:00.092100
0.0,0.0,0.0,0.0,0,0,0,0.0,0.0,0.0,0.0,0.0,100.0,2025-08-11T08:50:00.092100
0.0,0.0,0.0,0.0,0.8498243761242709,0,0.1609975482560426,0.0,0.0,0.0,0.0,0.0,100.0,2025-08-11T08:55:00.092100
0.0,0.0,0.0,0.0,0,0,0,0.0,0.0,0.0,0.0,0.0,100.0,2025-08-11T09:00:00.092100
0.0,0.0,0.0,0.0,0.8364201948122485,0,0,0.0,0.0,0.0,0.0,0.0,100.0,2025-08-11T09:05:00.092100
4.204535189579434,0.0,0.0,0.0,0,0,0.16944709427649313,0.0,0.0,0.0,0.0,0.0,100.0,2025-08-11T09:10:00.092100
0.0,0.0,0.0,0.0,0,0,0,0.0,0.0,0.0,0.0,0.0,100.0,2025-08-11T09:15:00.092100
0.0,0.0,0.0,0.0,0.20463741926585674,0,0,0.0,0.11948927365851181,0.0,0.0,0.0,100.0,2025-08-11T09:20:00.092100
0.0,0.0,0.0,0.0,0,0,0,0.0,0.0,0.0,0.0,0.0,100.0,2025-08-11T09:25:00.092100
0.0,0.0,0.0,0.0,0,0,0,0.0,0.0,0.0,0.0,0.0,100.0,2025-08-11T09:30:00.092100
0.3143361587836958,0.0,0.0,0.0,0,0,0.06581336332273283,0.0,0.0,0.0,0.0,0.0,100.0,2025-08-11T09:35:00.092100
0.0,0.0,0.0,0.0,0,0,0,0.0,0.0,0.0,0.0,0.0,100.0,2025-08-11T09:40:00.092100
0.0,0.0,0.0,0.0,0,0,0,0.0,0.0,0.0,0.0,0.0,100.0,2025-08-11T09:45:00.092100
5.302793088173772,0.0,0.0,0.0,0.3583301486478277,0,0.06568305855436612,0.0,0.0,0.0,0.0,0.0,100.0,2025-08-11T09:50:00.092100
0.0,0.0,0.0,0.0,0.7246624375196883,0,0,0.0,0.0,0.0,0.0,0.0,100.0,2025-08-11T09:55:00.092100
0.0,0.0,0.0,0.0,0,0,0,0.0,0.0,0.0,0.0,0.0,100.0,2025-08-11T10:00:00.092100
0.0,0.0,0.0,0.0,0,0,0,0.0,0.0,0.0,0.0,0.0,100.0,2025-08-11T10:05:00.092100
0.0,0.0,0.0,0.0,0.6706156284121197,0,0.0438124592289336,0.0,0.0,0.0,0.0,0.0,100.0,2025-08-11T10:10:00.092100
0.0,0.0,0.0,0.0,0,0,0,0.0,0.0,0.0,0.0,0.0,100.0,2025-08-11T10:15:00.092100
3.3711649337013117,0.0,0.0,0.0,0,0,0,0.0,5.063576866837883,0.0,0.0,0.0,100.0,2025-08-11T10:20:00.092100
2.643183392631864,0.0,0.0,0.0,0,0,0,0.0,0.0,0.0,0.0,0.0,100.0,2025-08-11T10:25:00.092100
0.0,0.0,0.0,0.0,0,0,0.02333431528891003,0.0,2.7744713780054875,0.0,0.0,0.0,100.0,2025-08-11T10:30:00.092100
0.0,0.0,0.0,0.0,0.9361641760634826,0,0,0.0,2.998682540708062,0.0,0.0,0.0,100.0,2025-08-11T10:35:00.092100
0.0,0.0,0.0,0.0,0,0,0,0.0,1.6636364898917482,0.0,0.0,0.0,100.0,2025-08-11T10:40:00.092100
0.0,0.0,0.0,0.0,0,0,0,0.0,0.0,0.0,0.0,0.0,100.0,2025-08-11T10:45:00.092100
0.0,0.0,0.0,0.0,0.767783692818811,0,0,0.0,0.0,0.0,0.0,0.0,100.0,2025-08-11T10:50:00.092100
97.19734303022906,84.77532263177886,72522.46518179715,40637916,0.9105792554298716,1,12.299815647648867,9.956754536695032,88.8934428767313,134.0178333619326,84123.10281043281,11276.972378144801,2960.941772320041,2025-08-11T10:55:00.092100
0.39027836245324055,0.0,0.0,0.0,0,0,0.040511717821920534,0.0,0.0,0.0,0.0,0.0,100.0,2025-08-11T11:00:00.092100
0.0,0.0,0.0,0.0,0,0,0,0.0,0.0,0.0,0.0,0.0,100.0,2025-08-11T11:05:00.092100
0.0,0.0,0.0,0.0,0,0,0,0.0,0.0,0.0,0.0,0.0,100.0,2025-08-11T11:10:00.092100
0.0,0.0,0.0,0.0,0,0,0,0.0,0.0,0.0,0.0,0.0,100.0,2025-08-11T11:15:00.092100
95.41153447400436,168.75373175167312,67687.64540316313,21252464,0.8143373407331155,1,9.535101043566701,6.862930392047517,97.84751297533421,71.37940122213844,35259.82311069289,37857.30867289253,2420.0192252292145,2025-08-11T11:20:00.092100
93.46545810084595,196.8967475538488,36155.92630885109,2348671,0.9125791521184486,1,8.031878752719647,3.2477551116433006,89.62307088222195,83.94351450140783,35125.7436899919,63104.585862044834,3407.4261662052977,2025-08-11T11:25:00.092100
0.0,0.0,0.0,0.0,0.789632310138817,0,0,0.0,0.0,0.0,0.0,0.0,100.0,2025-08-11T11:30:00.092100
0.0,0.0,0.0,0.0,0,0,0.1832750822932118,0.0,0.0,0.0,0.0,0.0,100.0,2025-08-11T11:35:00.092100
0.0,0.0,0.0,0.0,0.9512636330159222,0,0.03856466644273205,0.0,0.0,0.0,0.0,0.0,100.0,2025-08-11T11:40:00.092100
0.0,0.0,0.0,0.0,0,0,0,0.0,0.0,0.0,0.0,0.0,100.0,2025-08-11T11:45:00.092100
0.0,0.0,0.0,0.0,0.5115650671725589,0,0,0.0,1.7238702927301603,0.0,0.0,0.0,100.0,2025-08-11T11:50:00.092100
0.0,0.0,0.0,0.0,0,0,0,0.0,0.0,0.0,0.0,0.0,100.0,2025-08-11T11:55:00.092100
0.0,0.0,0.0,0.0,0,0,0,0.0,4.825033259168781,0.0,0.0,0.0,100.0,2025-08-11T12:00:00.092100
0.0,0.0,0.0,0.0,0,0,0.09474655697290704,0.0,0.0,0.0,0.0,0.0,100.0,2025-08-11T12:05:00.092100
0.0,0.0,0.0,0.0,0.8042784998003418,0,0.0715418622485231,0.0,4.801852036832776,0.0,0.0,0.0,100.0,2025-08-11T12:10:00.092100
0.0,0.0,0.0,0.0,0,0,0.09916062349359164,0.0,0.0,0.0,0.0,0.0,100.0,2025-08-11T12:15:00.092100
0.0,0.0,0.0,0.0,0,0,0,0.0,2.952178204018662,0.0,0.0,0.0,100.0,2025-08-11T12:20:00.092100
0.0,0.0,0.0,0.0,0,0,0,0.0,3.8309402073667815,0.0,0.0,0.0,100.0,2025-08-11T12:25:00.092100
2.2401854883715138,0.0,0.0,0.0,0.30437294609036336,0,0,0.0,4.849995111319843,0.0,0.0,0.0,100.0,2025-08-11T12:30:00.092100
2.843430308870785,0.0,0.0,0.0,0.6936511963940005,0,0,0.0,0.0,0.0,0.0,0.0,100.0,2025-08-11T12:35:00.092100
0.0,0.0,0.0,0.0,0,0,0.15350228781751477,0.0,0.3882637607014419,0.0,0.0,0.0,100.0,2025-08-11T12:40:00.092100
0.0,0.0,0.0,0.0,0,0,0,0.0,0.0,0.0,0.0,0.0,100.0,2025-08-11T12:45:00.092100
0.0,0.0,0.0,0.0,0.567328736946243,0,0,0.0,0.0,0.0,0.0,0.0,100.0,2025-08-11T12:50:00.092100
5.277583553709823,0.0,0.0,0.0,0,0,0,0.0,3.9198054232423596,0.0,0.0,0.0,100.0,2025-08-11T12:55:00.092100
7.2696228143898685,0.0,0.0,0.0,0,0,0,0.0,0.0,0.0,0.0,0.0,100.0,2025-08-11T13:00:00.092100
0.0,0.0,0.0,0.0,0,0,0,0.0,0.0,0.0,0.0,0.0,100.0,2025-08-11T13:05:00.092100
0.0,0.0,0.0,0.0,0,0,0,0.0,1.2350592728303667,0.0,0.0,0.0,100.0,2025-08-11T13:10:00.092100
0.6030885530034789,0.0,0.0,0.0,0,0,0,0.0,2.950027031864069,0.0,0.0,0.0,100.0,2025-08-11T13:15:00.092100
0.0,0.0,0.0,0.0,0,0,0,0.0,0.0,0.0,0.0,0.0,100.0,2025-08-11T13:20:00.092100
0.0,0.0,0.0,0.0,0,0,0,0.0,0.0,0.0,0.0,0.0,100.0,2025-08-11T13:25:00.092100
0.0,0.0,0.0,0.0,0,0,0,0.0,3.1884324417458694,0.0,0.0,0.0,100.0,2025-08-11T13:30:00.092100
0.0,0.0,0.0,0.0,0,0,0,0.0,4.574782997001817,0.0,0.0,0.0,100.0,2025-08-11T13:35:00.092100
0.0,0.0,0.0,0.0,0.3731665078438278,0,0,0.0,2.759906211036241,0.0,0.0,0.0,100.0,2025-08-11T13:40:00.092100
95.45382327286205,116.92860653990576,86867.31077054437,43878155,0.818859305997544,1,10.859079916720038,8.13697708502405,96.63762514397506,125.45755988477414,19075.620203850576,47505.60802778057,2851.335363860795,2025-08-11T13:45:00.092100
0.0,0.0,0.0,0.0,0,0,0.07127045006082171,0.0,5.083170889070445,0.0,0.0,0.0,100.0,2025-08-11T13:50:00.092100
3.5948390082090205,0.0,0.0,0.0,0,0,0,0.0,1.1588762412425004,0.0,0.0,0.0,100.0,2025-08-11T13:55:00.092100
0.0,0.0,0.0,0.0,0,0,0,0.0,0.0,0.0,0.0,0.0,100.0,2025-08-11T14:00:00.092100
0.0,0.0,0.0,0.0,0,0,0,0.0,0.0,0.0,0.0,0.0,100.0,2025-08-11T14:05:00.092100
0.0,0.0,0.0,0.0,0,0,0,0.0,2.0857633826530413,0.0,0.0,0.0,100.0,2025-08-11T14:10:00.092100
0.0,0.0,0.0,0.0,0,0,0.11023554327536614,0.0,0.0,0.0,0.0,0.0,100.0,2025-08-11T14:15:00.092100
0.0,0.0,0.0,0.0,0,0,0.038266244182743984,0.0,5.872803349856167,0.0,0.0,0.0,100.0,2025-08-11T14:20:00.092100
0.0,0.0,0.0,0.0,0,0,0.04213642517479807,0.0,0.0,0.0,0.0,0.0,100.0,2025-08-11T14:25:00.092100
0.0,0.0,0.0,0.0,0,0,0,0.0,0.0,0.0,0.0,0.0,100.0,2025-08-11T14:30:00.092100
0.0,0.0,0.0,0.0,0,0,0,0.0,0.0,0.0,0.0,0.0,100.0,2025-08-11T14:35:00.092100
1.8575489875769466,0.0,0.0,0.0,0.3632959988001585,0,0.1459888487204631,0.0,0.0,0.0,0.0,0.0,100.0,2025-08-11T14:40:00.092100
0.0,0.0,0.0,0.0,0,0,0,0.0,0.0,0.0,0.0,0.0,100.0,2025-08-11T14:45:00.092100
6.12811921005303,0.0,0.0,0.0,0.2945696398085831,0,0,0.0,0.0,0.0,0.0,0.0,100.0,2025-08-11T14:50:00.092100
0.0,0.0,0.0,0.0,0,0,0.19860973732262152,0.0,2.0306367670816967,0.0,0.0,0.0,100.0,2025-08-11T14:55:00.092100
3.162907016111611,0.0,0.0,0.0,0.17987615463882403,0,0,0.0,0.6127802291928601,0.0,0.0,0.0,100.0,2025-08-11T15:00:00.092100
0.0,0.0,0.0,0.0,0,0,0,0.0,0.0,0.0,0.0,0.0,100.0,2025-08-11T15:05:00.092100
0.5606826094222042,0.0,0.0,0.0,0.5314331188184553,0,0,0.0,0.0,0.0,0.0,0.0,100.0,2025-08-11T15:10:00.092100
0.0,0.0,0.0,0.0,0,0,0,0.0,0.0,0.0,0.0,0.0,100.0,2025-08-11T15:15:00.092100
3.0091838286225214,0.0,0.0,0.0,0.9098004605288017,0,0.08520671306644904,0.0,0.0,0.0,0.0,0.0,100.0,2025-08-11T15:20:00.092100
0.0,0.0,0.0,0.0,0.6488774737663808,0,0,0.0,4.123578768621779,0.0,0.0,0.0,100.0,2025-08-11T15:25:00.092100
5.3166543508258055,0.0,0.0,0.0,0,0,0,0.0,0.0,0.0,0.0,0.0,100.0,2025-08-11T15:30:00.092100
6.6699573784281565,0.0,0.0,0.0,0,0,0,0.0,0.0,0.0,0.0,0.0,100.0,2025-08-11T15:35:00.092100
3.359419503415182,0.0,0.0,0.0,0,0,0,0.0,0.0,0.0,0.0,0.0,100.0,2025-08-11T15:40:00.092100
0.0,0.0,0.0,0.0,0,0,0,0.0,0.0,0.0,0.0,0.0,100.0,2025-08-11T15:45:00.092100
0.0,0.0,0.0,0.0,0,0,0,0.0,3.4854516086795555,0.0,0.0,0.0,100.0,2025-08-11T15:50:00.092100
0.0,0.0,0.0,0.0,0.6387235074857563,0,0,0.0,0.0,0.0,0.0,0.0,100.0,2025-08-11T15:55:00.092100
0.0,0.0,0.0,0.0,0.7481222677737329,0,0,0.0,2.7359130618563894,0.0,0.0,0.0,100.0,2025-08-11T16:00:00.092100
0.0,0.0,0.0,0.0,0,0,0.029823244786363782,0.0,0.0,0.0,0.0,0.0,100.0,2025-08-11T16:05:00.092100
0.0,0.0,0.0,0.0,0.6399219377808842,0,0,0.0,0.0,0.0,0.0,0.0,100.0,2025-08-11T16:10:00.092100
0.0,0.0,0.0,0.0,0,0,0,0.0,0.0,0.0,0.0,0.0,100.0,2025-08-11T16:15:00.092100
0.0,0.0,0.0,0.0,0,0,0,0.0,4.749241382250004,0.0,0.0,0.0,100.0,2025-08-11T16:20:00.092100
0.0,0.0,0.0,0.0,0,0,0.07080869123891663,0.0,0.0,0.0,0.0,0.0,100.0,2025-08-11T16:25:00.092100
0.6091897742692282,0.0,0.0,0.0,0.1569717074691601,0,0,0.0,0.0,0.0,0.0,0.0,100.0,2025-08-11T16:30:00.092100
3.2604269895013336,0.0,0.0,0.0,0,0,0,0.0,0.0,0.0,0.0,0.0,100.0,2025-08-11T16:35:00.092100
0.0,0.0,0.0,0.0,0.6997297856350123,0,0.1046193333943779,0.0,0.0,0.0,0.0,0.0,100.0,2025-08-11T16:40:00.092100
0.0,0.0,0.0,0.0,0,0,0,0.0,2.346259197972681,0.0,0.0,0.0,100.0,2025-08-11T16:45:00.092100
0.0,0.0,0.0,0.0,0,0,0,0.0,0.7092640483390596,0.0,0.0,0.0,100.0,2025-08-11T16:50:00.092100
0.0,0.0,0.0,0.0,0,0,0,0.0,0.0,0.0,0.0,0.0,100.0,2025-08-11T16:55:00.092100
0.0,0.0,0.0,0.0,0,0,0,0.0,3.946826294735907,0.0,0.0,0.0,100.0,2025-08-11T17:00:00.092100
0.0,0.0,0.0,0.0,0,0,0,0.0,0.0,0.0,0.0,0.0,100.0,2025-08-11T17:05:00.092100
3.941091165530006,0.0,0.0,0.0,0,0,0.06640860504602893,0.0,0.0,0.0,0.0,0.0,100.0,2025-08-11T17:10:00.092100
0.0,0.0,0.0,0.0,0,0,0,0.0,0.0,0.0,0.0,0.0,100.0,2025-08-11T17:15:00.092100
0.0,0.0,0.0,0.0,0,0,0,0.0,0.0,0.0,0.0,0.0,100.0,2025-08-11T17:20:00.092100
3.321544575977503,0.0,0.0,0.0,0,0,0,0.0,2.624614606903614,0.0,0.0,0.0,100.0,2025-08-11T17:25:00.092100
0.0,0.0,0.0,0.0,0.30289572548873706,0,0,0.0,0.0,0.0,0.0,0.0,100.0,2025-08-11T17:30:00.092100
0.0,0.0,0.0,0.0,0,0,0.044393731958231104,0.0,0.0,0.0,0.0,0.0,100.0,2025-08-11T17:35:00.092100
6.057691928123182,0.0,0.0,0.0,0,0,0,0.0,0.0,0.0,0.0,0.0,100.0,2025-08-11T17:40:00.092100
0.0,0.0,0.0,0.0,0,0,0,0.0,3.458789638088677,0.0,0.0,0.0,100.0,2025-08-11T17:45:00.092100
0.0,0.0,0.0,0.0,0,0,0.16526247831902943,0.0,0.0,0.0,0.0,0.0,100.0,2025-08-11T17:50:00.092100
0.0,0.0,0.0,0.0,0,0,0,0.0,5.046097177028852,0.0,0.0,0.0,100.0,2025-08-11T17:55:00.092100
0.0,0.0,0.0,0.0,0.6997853617739677,0,0.004885736480902611,0.0,0.0,0.0,0.0,0.0,100.0,2025-08-11T18:00:00.092100
6.968118131439804,0.0,0.0,0.0,0,0,0,0.0,0.0,0.0,0.0,0.0,100.0,2025-08-11T18:05:00.092100
0.0,0.0,0.0,0.0,0.7605345859481816,0,0,0.0,4.907524014654661,0.0,0.0,0.0,100.0,2025-08-11T18:10:00.092100
0.0,0.0,0.0,0.0,0,0,0,0.0,2.5610702493670465,0.0,0.0,0.0,100.0,2025-08-11T18:15:00.092100
0.0,0.0,0.0,0.0,0.23317905217452345,0,0,0.0,1.712385988599466,0.0,0.0,0.0,100.0,2025-08-11T18:20:00.092100
0.0,0.0,0.0,0.0,0,0,0,0.0,1.507963092634172,0.0,0.0,0.0,100.0,2025-08-11T18:25:00.092100
3.758112992048627,0.0,0.0,0.0,0,0,0,0.0,0.0,0.0,0.0,0.0,100.0,2025-08-11T18:30:00.092100
1.0489656571576176,0.0,0.0,0.0,0,0,0,0.0,3.0934336685853654,0.0,0.0,0.0,100.0,2025-08-11T18:35:00.092100
0.0,0.0,0.0,0.0,0.0255884287148754,0,0,0.0,0.0,0.0,0.0,0.0,100.0,2025-08-11T18:40:00.092100
4.75920718413998,0.0,0.0,0.0,0,0,0,0.0,0.0,0.0,0.0,0.0,100.0,2025-08-11T18:45:00.092100
7.214619675838287,0.0,0.0,0.0,0.6788065705452149,0,0.16351416478235184,0.0,4.79740651505162,0.0,0.0,0.0,100.0,2025-08-11T18:50:00.092100
2.9946008983027714,0.0,0.0,0.0,0.708054167284116,0,0,0.0,0.0,0.0,0.0,0.0,100.0,2025-08-11T18:55:00.092100
0.0,0.0,0.0,0.0,0.36821934437676096,0,0,0.0,0.0,0.0,0.0,0.0,100.0,2025-08-11T19:00:00.092100
0.0,0.0,0.0,0.0,0,0,0.17157969374247334,0.0,0.0,0.0,0.0,0.0,100.0,2025-08-11T19:05:00.092100
5.593279533785666,0.0,0.0,0.0,0,0,0,0.0,0.0,0.0,0.0,0.0,100.0,2025-08-11T19:10:00.092100
0.0,0.0,0.0,0.0,0.020610972838155172,0,0,0.0,0.0,0.0,0.0,0.0,100.0,2025-08-11T19:15:00.092100
0.0,0.0,0.0,0.0,0,0,0,0.0,0.0,0.0,0.0,0.0,100.0,2025-08-11T19:20:00.092100
0.0,0.0,0.0,0.0,0,0,0,0.0,0.0,0.0,0.0,0.0,100.0,2025-08-11T19:25:00.092100
0.0,0.0,0.0,0.0,0,0,0.11528050964103878,0.0,0.0,0.0,0.0,0.0,100.0,2025-08-11T19:30:00.092100
0.0,0.0,0.0,0.0,0,0,0,0.0,0.7829715481396564,0.0,0.0,0.0,100.0,2025-08-11T19:35:00.092100
0.0,0.0,0.0,0.0,0.6931790970621116,0,0,0.0,0.0,0.0,0.0,0.0,100.0,2025-08-11T19:40:00.092100
98.38436337856174,152.47114528760775,41935.732615932124,41599145,0.8400727886368758,1,14.975303118982344,5.009699905589352,96.87289637470826,130.30499760155047,82309.61593740169,51277.757134713866,2152.229818010607,2025-08-11T19:45:00.092100
0.0,0.0,0.0,0.0,0,0,0.030049043765357906,0.0,0.0,0.0,0.0,0.0,100.0,2025-08-11T19:50:00.092100
0.0,0.0,0.0,0.0,0,0,0,0.0,0.0,0.0,0.0,0.0,100.0,2025-08-11T19:55:00.092100
4.305791238096627,0.0,0.0,0.0,0.44265481205122165,0,0,0.0,4.279867334062382,0.0,0.0,0.0,100.0,2025-08-11T20:00:00.092100
0.0,0.0,0.0,0.0,0,0,0,0.0,3.740387277380387,0.0,0.0,0.0,100.0,2025-08-11T20:05:00.092100
3.08033685402194,0.0,0.0,0.0,0.34609140358937474,0,0.1439709580285248,0.0,0.0,0.0,0.0,0.0,100.0,2025-08-11T20:10:00.092100
7.191277330318805,0.0,0.0,0.0,0.1855797847116487,0,0,0.0,0.0,0.0,0.0,0.0,100.0,2025-08-11T20:15:00.092100
6.998516496406821,0.0,0.0,0.0,0,0,0,0.0,4.1250096235807865,0.0,0.0,0.0,100.0,2025-08-11T20:20:00.092100
0.0,0.0,0.0,0.0,0,0,0,0.0,5.393631544090091,0.0,0.0,0.0,100.0,2025-08-11T20:25:00.092100
0.0,0.0,0.0,0.0,0,0,0.08868614504141287,0.0,0.0,0.0,0.0,0.0,100.0,2025-08-11T20:30:00.092100
0.0,0.0,0.0,0.0,0,0,0,0.0,0.3111665153310171,0.0,0.0,0.0,100.0,2025-08-11T20:35:00.092100
0.7848343160620549,0.0,0.0,0.0,0,0,0,0.0,5.336023197977357,0.0,0.0,0.0,100.0,2025-08-11T20:40:00.092100
0.0,0.0,0.0,0.0,0.7905944099937282,0,0,0.0,0.0,0.0,0.0,0.0,100.0,2025-08-11T20:45:00.092100
0.0,0.0,0.0,0.0,0,0,0,0.0,0.0,0.0,0.0,0.0,100.0,2025-08-11T20:50:00.092100
6.471796110009513,0.0,0.0,0.0,0,0,0,0.0,1.0582675025008823,0.0,0.0,0.0,100.0,2025-08-11T20:55:00.092100
0.0,0.0,0.0,0.0,0,0,0.046211866911124576,0.0,0.0,0.0,0.0,0.0,100.0,2025-08-11T21:00:00.092100
0.0,0.0,0.0,0.0,0,0,0,0.0,0.0,0.0,0.0,0.0,100.0,2025-08-11T21:05:00.092100
0.0,0.0,0.0,0.0,0,0,0,0.0,5.41983865812842,0.0,0.0,0.0,100.0,2025-08-11T21:10:00.092100
0.0,0.0,0.0,0.0,0,0,0,0.0,0.0,0.0,0.0,0.0,100.0,2025-08-11T21:15:00.092100
0.0,0.0,0.0,0.0,0,0,0,0.0,0.0,0.0,0.0,0.0,100.0,2025-08-11T21:20:00.092100
0.0,0.0,0.0,0.0,0,0,0,0.0,0.0,0.0,0.0,0.0,100.0,2025-08-11T21:25:00.092100
0.0,0.0,0.0,0.0,0,0,0,0.0,0.0,0.0,0.0,0.0,100.0,2025-08-11T21:30:00.092100
0.0,0.0,0.0,0.0,0,0,0,0.0,3.3086700406075003,0.0,0.0,0.0,100.0,2025-08-11T21:35:00.092100
0.0,0.0,0.0,0.0,0.3395667415260871,0,0.17442940537765195,0.0,0.0,0.0,0.0,0.0,100.0,2025-08-11T21:40:00.092100
0.0,0.0,0.0,0.0,0,0,0,0.0,3.381849400861588,0.0,0.0,0.0,100.0,2025-08-11T21:45:00.092100
0.0,0.0,0.0,0.0,0,0,0,0.0,4.579084291087607,0.0,0.0,0.0,100.0,2025-08-11T21:50:00.092100
0.0,0.0,0.0,0.0,0.1886178461158743,0,0,0.0,0.0,0.0,0.0,0.0,100.0,2025-08-11T21:55:00.092100
0.0,0.0,0.0,0.0,0,0,0,0.0,0.0,0.0,0.0,0.0,100.0,2025-08-11T22:00:00.092100
0.0,0.0,0.0,0.0,0,0,0,0.0,1.2084075622275754,0.0,0.0,0.0,100.0,2025-08-11T22:05:00.092100
0.0,0.0,0.0,0.0,0,0,0,0.0,4.3323268804125545,0.0,0.0,0.0,100.0,2025-08-11T22:10:00.092100
0.0,0.0,0.0,0.0,0,0,0,0.0,2.2774755790568126,0.0,0.0,0.0,100.0,2025-08-11T22:15:00.092100
0.0,0.0,0.0,0.0,0.2654024637777781,0,0,0.0,0.0,0.0,0.0,0.0,100.0,2025-08-11T22:20:00.092100
0.0,0.0,0.0,0.0,0.7352678879370049,0,0,0.0,0.0,0.0,0.0,0.0,100.0,2025-08-11T22:25:00.092100
0.0,0.0,0.0,0.0,0,0,0,0.0,0.0,0.0,0.0,0.0,100.0,2025-08-11T22:30:00.092100
0.0,0.0,0.0,0.0,0.8630874685206326,0,0.1257436908016222,0.0,1.5410486713847535,0.0,0.0,0.0,100.0,2025-08-11T22:35:00.092100
0.0,0.0,0.0,0.0,0,0,0,0.0,0.0,0.0,0.0,0.0,100.0,2025-08-11T22:40:00.092100
0.0,0.0,0.0,0.0,0,0,0,0.0,5.824016984985488,0.0,0.0,0.0,100.0,2025-08-11T22:45:00.092100
0.0,0.0,0.0,0.0,0,0,0,0.0,2.166978981301012,0.0,0.0,0.0,100.0,2025-08-11T22:50:00.092100
0.0,0.0,0.0,0.0,0,0,0,0.0,0.0,0.0,0.0,0.0,100.0,2025-08-11T22:55:00.092100
0.0,0.0,0.0,0.0,0,0,0,0.0,0.0,0.0,0.0,0.0,100.0,2025-08-11T23:00:00.092100
4.117838320881408,0.0,0.0,0.0,0,0,0,0.0,0.7389289284889775,0.0,0.0,0.0,100.0,2025-08-11T23:05:00.092100
0.0,0.0,0.0,0.0,0,0,0.1796101874098827,0.0,0.0,0.0,0.0,0.0,100.0,2025-08-11T23:10:00.092100
4.661888743059223,0.0,0.0,0.0,0,0,0.07248743051512956,0.0,0.0,0.0,0.0,0.0,100.0,2025-08-11T23:15:00.092100
7.324896235446597,0.0,0.0,0.0,0.115514236118912,0,0,0.0,3.5923711186968186,0.0,0.0,0.0,100.0,2025-08-11T23:20:00.092100
0.0,0.0,0.0,0.0,0,0,0,0.0,0.0,0.0,0.0,0.0,100.0,2025-08-11T23:25:00.092100
0.0,0.0,0.0,0.0,0,0,0.10767128838972079,0.0,4.713988578194378,0.0,0.0,0.0,100.0,2025-08-11T23:30:00.092100
0.0,0.0,0.0,0.0,0,0,0.1276626965796621,0.0,0.0,0.0,0.0,0.0,100.0,2025-08-11T23:35:00.092100
0.0,0.0,0.0,0.0,0,0,0.17375250593273453,0.0,0.0,0.0,0.0,0.0,100.0,2025-08-11T23:40:00.092100
2.5408315093625977,0.0,0.0,0.0,0,0,0,0.0,0.0,0.0,0.0,0.0,100.0,2025-08-11T23:45:00.092100
0.0,0.0,0.0,0.0,0.943423114695104,0,0.183963020142052,0.0,0.0,0.0,0.0,0.0,100.0,2025-08-11T23:50:00.092100
0.0,0.0,0.0,0.0,0,0,0,0.0,0.11223604542661844,0.0,0.0,0.0,100.0,2025-08-11T23:55:00.092100
0.0,0.0,0.0,0.0,0,0,0,0.0,0.0,0.0,0.0,0.0,100.0,2025-08-12T00:00:00.092100
0.0,0.0,0.0,0.0,0.7405853339094465,0,0,0.0,5.564164116275777,0.0,0.0,0.0,100.0,2025-08-12T00:05:00.092100
0.0,0.0,0.0,0.0,0.7003150025528444,0,0,0.0,0.0,0.0,0.0,0.0,100.0,2025-08-12T00:10:00.092100
0.0,0.0,0.0,0.0,0.11872292015204115,0,0.08145047041307948,0.0,1.983625420819652,0.0,0.0,0.0,100.0,2025-08-12T00:15:00.092100
2.363249843019751,0.0,0.0,0.0,0,0,0.16351239051638117,0.0,0.0,0.0,0.0,0.0,100.0,2025-08-12T00:20:00.092100
4.609068016431324,0.0,0.0,0.0,0.2101392608473739,0,0,0.0,0.0,0.0,0.0,0.0,100.0,2025-08-12T00:25:00.092100
0.0,0.0,0.0,0.0,0,0,0.1035005389816972,0.0,3.880842304647783,0.0,0.0,0.0,100.0,2025-08-12T00:30:00.092100
0.0,0.0,0.0,0.0,0.7675433445368506,0,0.11780304578061143,0.0,0.4939334354354163,0.0,0.0,0.0,100.0,2025-08-12T00:35:00.092100
0.0,0.0,0.0,0.0,0.7545113079451682,0,0,0.0,0.0,0.0,0.0,0.0,100.0,2025-08-12T00:40:00.092100
5.394821304245169,0.0,0.0,0.0,0,0,0,0.0,5.688689340806491,0.0,0.0,0.0,100.0,2025-08-12T00:45:00.092100
0.0,0.0,0.0,0.0,0,0,0.08180605466212074,0.0,0.0,0.0,0.0,0.0,100.0,2025-08-12T00:50:00.092100
0.0,0.0,0.0,0.0,0,0,0,0.0,0.0,0.0,0.0,0.0,100.0,2025-08-12T00:55:00.092100
7.877246292754297,0.0,0.0,0.0,0,0,0,0.0,4.646516731481491,0.0,0.0,0.0,100.0,2025-08-12T01:00:00.092100
0.0,0.0,0.0,0.0,0,0,0.19158713248418818,0.0,3.4080755065947885,0.0,0.0,0.0,100.0,2025-08-12T01:05:00.092100
0.0,0.0,0.0,0.0,0,0,0,0.0,0.0,0.0,0.0,0.0,100.0,2025-08-12T01:10:00.092100
0.0,0.0,0.0,0.0,0.7907781574064674,0,0,0.0,0.0,0.0,0.0,0.0,100.0,2025-08-12T01:15:00.092100
2.0520837082170127,0.0,0.0,0.0,0.12246391060730423,0,0.011744635777360912,0.0,0.0,0.0,0.0,0.0,100.0,2025-08-12T01:20:00.092100
0.5138309385203151,0.0,0.0,0.0,0.3749248973312144,0,0,0.0,0.0,0.0,0.0,0.0,100.0,2025-08-12T01:25:00.092100
5.91065023595393,0.0,0.0,0.0,0,0,0,0.0,0.0,0.0,0.0,0.0,100.0,2025-08-12T01:30:00.092100
0.0,0.0,0.0,0.0,0,0,0,0.0,0.0,0.0,0.0,0.0,100.0,2025-08-12T01:35:00.092100
0.0,0.0,0.0,0.0,0.05417902219563403,0,0,0.0,0.0,0.0,0.0,0.0,100.0,2025-08-12T01:40:00.092100
0.0,0.0,0.0,0.0,0,0,0.09840677075423618,0.0,0.0,0.0,0.0,0.0,100.0,2025-08-12T01:45:00.092100
1.856309034770787,0.0,0.0,0.0,0,0,0,0.0,0.0,0.0,0.0,0.0,100.0,2025-08-12T01:50:00.092100
0.0,0.0,0.0,0.0,0.5178966783284682,0,0,0.0,0.0,0.0,0.0,0.0,100.0,2025-08-12T01:55:00.092100
0.0,0.0,0.0,0.0,0.18621918591661804,0,0,0.0,0.0,0.0,0.0,0.0,100.0,2025-08-12T02:00:00.092100
0.0,0.0,0.0,0.0,0,0,0,0.0,0.0,0.0,0.0,0.0,100.0,2025-08-12T02:05:00.092100
0.0,0.0,0.0,0.0,0,0,0.15607336316825246,0.0,0.0,0.0,0.0,0.0,100.0,2025-08-12T02:10:00.092100
0.0,0.0,0.0,0.0,0,0,0.10418932624009931,0.0,0.0,0.0,0.0,0.0,100.0,2025-08-12T02:15:00.092100
0.0,0.0,0.0,0.0,0,0,0,0.0,5.31158307712152,0.0,0.0,0.0,100.0,2025-08-12T02:20:00.092100
5.9040579279046215,0.0,0.0,0.0,0,0,0.15642584969258155,0.0,3.548079519691625,0.0,0.0,0.0,100.0,2025-08-12T02:25:00.092100
0.0,0.0,0.0,0.0,0,0,0,0.0,0.0,0.0,0.0,0.0,100.0,2025-08-12T02:30:00.092100
5.8062791974751065,0.0,0.0,0.0,0,0,0,0.0,0.0,0.0,0.0,0.0,100.0,2025-08-12T02:35:00.092100
6.175111521931088,0.0,0.0,0.0,0,0,0,0.0,0.015600944016266959,0.0,0.0,0.0,100.0,2025-08-12T02:40:00.092100
5.454486998907711,0.0,0.0,0.0,0.09487091543680715,0,0,0.0,0.0,0.0,0.0,0.0,100.0,2025-08-12T02:45:00.092100
0.0,0.0,0.0,0.0,0.19806246076001566,0,0,0.0,0.0,0.0,0.0,0.0,100.0,2025-08-12T02:50:00.092100
0.0,0.0,0.0,0.0,0.36882017586625626,0,0.18207209272842717,0.0,0.0,0.0,0.0,0.0,100.0,2025-08-12T02:55:00.092100
91.26592780930424,102.16985293954185,66857.47268782472,22211163,0.9249631852656375,1,6.713311746981611,7.862638734531836,92.86981664848221,69.75357551758484,54659.27702293634,48854.64701956226,4321.899182730564,2025-08-12T03:00:00.092100
0.0,0.0,0.0,0.0,0,0,0.04185209189581044,0.0,0.0,0.0,0.0,0.0,100.0,2025-08-12T03:05:00.092100
0.0,0.0,0.0,0.0,0.028002403721210142,0,0,0.0,0.0,0.0,0.0,0.0,100.0,2025-08-12T03:10:00.092100
0.0,0.0,0.0,0.0,0,0,0,0.0,0.0,0.0,0.0,0.0,100.0,2025-08-12T03:15:00.092100
0.0,0.0,0.0,0.0,0.15838994414724292,0,0,0.0,0.0,0.0,0.0,0.0,100.0,2025-08-12T03:20:00.092100
3.5479133464080594,0.0,0.0,0.0,0,0,0,0.0,0.0,0.0,0.0,0.0,100.0,2025-08-12T03:25:00.092100
0.0,0.0,0.0,0.0,0.052189163156470965,0,0,0.0,0.0,0.0,0.0,0.0,100.0,2025-08-12T03:30:00.092100
0.0,0.0,0.0,0.0,0.5218046960331567,0,0.15223314267596244,0.0,0.0,0.0,0.0,0.0,100.0,2025-08-12T03:35:00.092100
0.0,0.0,0.0,0.0,0,0,0,0.0,0.0,0.0,0.0,0.0,100.0,2025-08-12T03:40:00.092100
5.689545655214111,0.0,0.0,0.0,0,0,0,0.0,0.0,0.0,0.0,0.0,100.0,2025-08-12T03:45:00.092100
0.0,0.0,0.0,0.0,0,0,0,0.0,0.0,0.0,0.0,0.0,100.0,2025-08-12T03:50:00.092100
0.0,0.0,0.0,0.0,0.16408799415678868,0,0,0.0,0.0,0.0,0.0,0.0,100.0,2025-08-12T03:55:00.092100
0.0,0.0,0.0,0.0,0.5135323911620492,0,0.17152546394080267,0.0,0.0,0.0,0.0,0.0,100.0,2025-08-12T04:00:00.092100
0.0,0.0,0.0,0.0,0,0,0.0859664424755045,0.0,0.0,0.0,0.0,0.0,100.0,2025-08-12T04:05:00.092100
0.0,0.0,0.0,0.0,0,0,0.10686194868472254,0.0,0.652112925301368,0.0,0.0,0.0,100.0,2025-08-12T04:10:00.092100
7.697362885618909,0.0,0.0,0.0,0,0,0,0.0,5.86909423220461,0.0,0.0,0.0,100.0,2025-08-12T04:15:00.092100
0.0,0.0,0.0,0.0,0,0,0,0.0,3.559208836897672,0.0,0.0,0.0,100.0,2025-08-12T04:20:00.092100
7.949213703644316,0.0,0.0,0.0,0,0,0.0752891937931168,0.0,2.714106555229675,0.0,0.0,0.0,100.0,2025-08-12T04:25:00.092100
0.42820059849642744,0.0,0.0,0.0,0,0,0.18327348138754318,0.0,0.0,0.0,0.0,0.0,100.0,2025-08-12T04:30:00.092100
0.0,0.0,0.0,0.0,0,0,0,0.0,0.0,0.0,0.0,0.0,100.0,2025-08-12T04:35:00.092100
0.0,0.0,0.0,0.0,0,0,0,0.0,0.0,0.0,0.0,0.0,100.0,2025-08-12T04:40:00.092100
0.0,0.0,0.0,0.0,0.8533655092571316,0,0,0.0,0.046207192356386546,0.0,0.0,0.0,100.0,2025-08-12T04:45:00.092100
3.4724016598049947,0.0,0.0,0.0,0,0,0.17043122843687203,0.0,0.0,0.0,0.0,0.0,100.0,2025-08-12T04:50:00.092100
0.0,0.0,0.0,0.0,0,0,0,0.0,2.5492894215827864,0.0,0.0,0.0,100.0,2025-08-12T04:55:00.092100
5.093829537957456,0.0,0.0,0.0,0.20914621216501783,0,0,0.0,0.0,0.0,0.0,0.0,100.0,2025-08-12T05:00:00.092100
98.2821254833308,125.90059198717069,89661.68593974013,3370950,0.8057343180053999,1,11.189716181340414,5.689143737363042,95.66239623015595,129.52362803267147,74455.5746672939,56033.32580355722,3263.538136063453,2025-08-12T05:05:00.092100
1.1349553854803534,0.0,0.0,0.0,0.11243304575485816,0,0.10507694068982366,0.0,0.0,0.0,0.0,0.0,100.0,2025-08-12T05:10:00.092100
0.0,0.0,0.0,0.0,0,0,0,0.0,0.0,0.0,0.0,0.0,100.0,2025-08-12T05:15:00.092100
0.0,0.0,0.0,0.0,0.5991611230973864,0,0,0.0,0.0,0.0,0.0,0.0,100.0,2025-08-12T05:20:00.092100
0.0,0.0,0.0,0.0,0,0,0,0.0,0.0,0.0,0.0,0.0,100.0,2025-08-12T05:25:00.092100
0.0,0.0,0.0,0.0,0.8445957691444954,0,0,0.0,1.5844531497974768,0.0,0.0,0.0,100.0,2025-08-12T05:30:00.092100
0.0,0.0,0.0,0.0,0,0,0,0.0,0.0,0.0,0.0,0.0,100.0,2025-08-12T05:35:00.092100
5.026128728339587,0.0,0.0,0.0,0.17250028530088174,0,0,0.0,0.0,0.0,0.0,0.0,100.0,2025-08-12T05:40:00.092100
0.0,0.0,0.0,0.0,0.40961421665049674,0,0.10103641946733741,0.0,0.0,0.0,0.0,0.0,100.0,2025-08-12T05:45:00.092100
0.0,0.0,0.0,0.0,0,0,0,0.0,0.0,0.0,0.0,0.0,100.0,2025-08-12T05:50:00.092100
0.0,0.0,0.0,0.0,0,0,0.09345358901628537,0.0,0.0,0.0,0.0,0.0,100.0,2025-08-12T05:55:00.092100
0.0,0.0,0.0,0.0,0.043916139294677,0,0,0.0,0.0,0.0,0.0,0.0,100.0,2025-08-12T06:00:00.092100
3.662662766668014,0.0,0.0,0.0,0.7408267676840382,0,0,0.0,0.0,0.0,0.0,0.0,100.0,2025-08-12T06:05:00.092100
0.0,0.0,0.0,0.0,0,0,0,0.0,0.0,0.0,0.0,0.0,100.0,2025-08-12T06:10:00.092100
0.0,0.0,0.0,0.0,0.02661004352694981,0,0.11501467269396967,0.0,2.6137039838513263,0.0,0.0,0.0,100.0,2025-08-12T06:15:00.092100
0.0,0.0,0.0,0.0,0.5651473274980304,0,0,0.0,0.0,0.0,0.0,0.0,100.0,2025-08-12T06:20:00.092100
0.0,0.0,0.0,0.0,0,0,0,0.0,1.4199120217788392,0.0,0.0,0.0,100.0,2025-08-12T06:25:00.092100
0.0,0.0,0.0,0.0,0,0,0,0.0,4.485161567728199,0.0,0.0,0.0,100.0,2025-08-12T06:30:00.092100
0.0,0.0,0.0,0.0,0,0,0.05957519353666244,0.0,0.0,0.0,0.0,0.0,100.0,2025-08-12T06:35:00.092100
0.0,0.0,0.0,0.0,0.1665591267332957,0,0,0.0,1.9027506403522065,0.0,0.0,0.0,100.0,2025-08-12T06:40:00.092100
0.0,0.0,0.0,0.0,0,0,0,0.0,0.0,0.0,0.0,0.0,100.0,2025-08-12T06:45:00.092100
0.0,0.0,0.0,0.0,0,0,0,0.0,0.0,0.0,0.0,0.0,100.0,2025-08-12T06:50:00.092100
0.0,0.0,0.0,0.0,0,0,0,0.0,0.0,0.0,0.0,0.0,100.0,2025-08-12T06:55:00.092100
0.0,0.0,0.0,0.0,0,0,0,0.0,0.0,0.0,0.0,0.0,100.0,2025-08-12T07:00:00.092100
0.0,0.0,0.0,0.0,0,0,0,0.0,0.0,0.0,0.0,0.0,100.0,2025-08-12T07:05:00.092100
0.0,0.0,0.0,0.0,0.8034744225359262,0,0,0.0,0.03347263701916813,0.0,0.0,0.0,100.0,2025-08-12T07:10:00.092100
0.0,0.0,0.0,0.0,0,0,0,0.0,0.0,0.0,0.0,0.0,100.0,2025-08-12T07:15:00.092100
0.0,0.0,0.0,0.0,0,0,0,0.0,1.7006423908703636,0.0,0.0,0.0,100.0,2025-08-12T07:20:00.092100
7.920656663417103,0.0,0.0,0.0,0,0,0,0.0,0.0,0.0,0.0,0.0,100.0,2025-08-12T07:25:00.092100
0.0,0.0,0.0,0.0,0.2814197286837312,0,0,0.0,2.544285295195451,0.0,0.0,0.0,100.0,2025-08-12T07:30:00.092100
5.319204318714123,0.0,0.0,0.0,0,0,0.13778149613237745,0.0,0.0,0.0,0.0,0.0,100.0,2025-08-12T07:35:00.092100
0.0,0.0,0.0,0.0,0,0,0,0.0,4.739641204243355,0.0,0.0,0.0,100.0,2025-08-12T07:40:00.092100
4.705228144249128,0.0,0.0,0.0,0,0,0,0.0,4.785369102652003,0.0,0.0,0.0,100.0,2025-08-12T07:45:00.092100
4.724043478307623,0.0,0.0,0.0,0,0,0,0.0,0.0,0.0,0.0,0.0,100.0,2025-08-12T07:50:00.092100
0.0,0.0,0.0,0.0,0.5159279274975637,0,0,0.0,0.0,0.0,0.0,0.0,100.0,2025-08-12T07:55:00.092100
0.0,0.0,0.0,0.0,0,0,0,0.0,0.0,0.0,0.0,0.0,100.0,2025-08-12T08:00:00.092100
1.6051347042283282,0.0,0.0,0.0,0,0,0.022631101220591403,0.0,5.635545899478323,0.0,0.0,0.0,100.0,2025-08-12T08:05:00.092100
0.0,0.0,0.0,0.0,0.6998792300733363,0,0,0.0,5.925349996780603,0.0,0.0,0.0,100.0,2025-08-12T08:10:00.092100
0.0,0.0,0.0,0.0,0,0,0.026952884306973048,0.0,0.0,0.0,0.0,0.0,100.0,2025-08-12T08:15:00.092100
0.0,0.0,0.0,0.0,0,0,0.18723454615319587,0.0,0.0,0.0,0.0,0.0,100.0,2025-08-12T08:20:00.092100
0.0,0.0,0.0,0.0,0,0,0.13669406426326297,0.0,0.0,0.0,0.0,0.0,100.0,2025-08-12T08:25:00.092100
0.0,0.0,0.0,0.0,0.45004693957439246,0,0,0.0,0.0,0.0,0.0,0.0,100.0,2025-08-12T08:30:00.092100
0.0,0.0,0.0,0.0,0.6478875614468707,0,0,0.0,5.27350166277486,0.0,0.0,0.0,100.0,2025-08-12T08:35:00.092100
0.0,0.0,0.0,0.0,0,0,0.008477561414441233,0.0,0.31293076814913073,0.0,0.0,0.0,100.0,2025-08-12T08:40:00.092100
0.0,0.0,0.0,0.0,0,0,0,0.0,0.0,0.0,0.0,0.0,100.0,2025-08-12T08:45:00.092100
0.0,0.0,0.0,0.0,0,0,0,0.0,0.7103922993211975,0.0,0.0,0.0,100.0,2025-08-12T08:50:00.092100
0.0,0.0,0.0,0.0,0,0,0.17432366051964493,0.0,3.1040786317517908,0.0,0.0,0.0,100.0,2025-08-12T08:55:00.092100
0.0,0.0,0.0,0.0,0.2609667481066378,0,0,0.0,0.0,0.0,0.0,0.0,100.0,2025-08-12T09:00:00.092100
0.0,0.0,0.0,0.0,0,0,0.14822981792078385,0.0,0.0,0.0,0.0,0.0,100.0,2025-08-12T09:05:00.092100
0.0,0.0,0.0,0.0,0,0,0,0.0,0.0,0.0,0.0,0.0,100.0,2025-08-12T09:10:00.092100
3.2962333249600815,0.0,0.0,0.0,0,0,0,0.0,3.767921978926125,0.0,0.0,0.0,100.0,2025-08-12T09:15:00.092100
0.0,0.0,0.0,0.0,0,0,0.1007148525704977,0.0,0.0,0.0,0.0,0.0,100.0,2025-08-12T09:20:00.092100
0.0,0.0,0.0,0.0,0,0,0,0.0,0.0,0.0,0.0,0.0,100.0,2025-08-12T09:25:00.092100
5.580893783166415,0.0,0.0,0.0,0.7082912365156251,0,0,0.0,0.0,0.0,0.0,0.0,100.0,2025-08-12T09:30:00.092100
0.0,0.0,0.0,0.0,0,0,0.12058617734092052,0.0,4.050670531839825,0.0,0.0,0.0,100.0,2025-08-12T09:35:00.092100
0.0,0.0,0.0,0.0,0,0,0,0.0,0.0,0.0,0.0,0.0,100.0,2025-08-12T09:40:00.092100
0.0,0.0,0.0,0.0,0.5033510487961996,0,0,0.0,0.0,0.0,0.0,0.0,100.0,2025-08-12T09:45:00.092100
97.1369057074356,157.18635157320261,64789.81252697026,31045275,0.8042320736032853,1,12.200227929709623,7.366845565555307,93.25810199293451,68.7822530360647,90719.13392067714,11910.758819289267,2127.5849293942047,2025-08-12T09:50:00.092100
0.0,0.0,0.0,0.0,0.6497357996779892,0,0,0.0,1.745364102371262,0.0,0.0,0.0,100.0,2025-08-12T09:55:00.092100
0.0,0.0,0.0,0.0,0,0,0,0.0,5.649677378293944,0.0,0.0,0.0,100.0,2025-08-12T10:00:00.092100
0.0,0.0,0.0,0.0,0.47962408773183096,0,0,0.0,0.0,0.0,0.0,0.0,100.0,2025-08-12T10:05:00.092100
0.0,0.0,0.0,0.0,0.43394966491582193,0,0,0.0,0.0,0.0,0.0,0.0,100.0,2025-08-12T10:10:00.092100
2.998253460330416,0.0,0.0,0.0,0,0,0.13665499153666297,0.0,0.0,0.0,0.0,0.0,100.0,2025-08-12T10:15:00.092100
0.0,0.0,0.0,0.0,0,0,0,0.0,0.0,0.0,0.0,0.0,100.0,2025-08-12T10:20:00.092100
0.0,0.0,0.0,0.0,0,0,0,0.0,0.4246189334146811,0.0,0.0,0.0,100.0,2025-08-12T10:25:00.092100
2.8012256344432607,0.0,0.0,0.0,0,0,0,0.0,0.0,0.0,0.0,0.0,100.0,2025-08-12T10:30:00.092100
90.53322040537715,101.11728846454815,32301.733271319878,4858664,0.8318047690656899,1,7.525551383710518,4.141719105539364,87.03522251622205,112.08352541122238,44831.60576813695,24532.121376645362,2490.859818654847,2025-08-12T10:35:00.092100
0.0,0.0,0.0,0.0,0,0,0,0.0,0.0,0.0,0.0,0.0,100.0,2025-08-12T10:40:00.092100
0.0,0.0,0.0,0.0,0,0,0.11069076753169686,0.0,0.0,0.0,0.0,0.0,100.0,2025-08-12T10:45:00.092100
0.0,0.0,0.0,0.0,0,0,0.1256684663851287,0.0,0.0,0.0,0.0,0.0,100.0,2025-08-12T10:50:00.092100
0.0,0.0,0.0,0.0,0,0,0,0.0,0.0,0.0,0.0,0.0,100.0,2025-08-12T10:55:00.092100
7.747663341291359,0.0,0.0,0.0,0,0,0,0.0,1.2840819009953757,0.0,0.0,0.0,100.0,2025-08-12T11:00:00.092100
0.0,0.0,0.0,0.0,0,0,0,0.0,3.6413379854625036,0.0,0.0,0.0,100.0,2025-08-12T11:05:00.092100
0.12036420885889448,0.0,0.0,0.0,0.5054976290607445,0,0,0.0,2.127214216002236,0.0,0.0,0.0,100.0,2025-08-12T11:10:00.092100
6.695709541928221,0.0,0.0,0.0,0,0,0.06603622104683189,0.0,0.0,0.0,0.0,0.0,100.0,2025-08-12T11:15:00.092100
