cpu_usage,disk_io,disk_io_read,disk_io_write,disk_usage,is_anomaly,load_1m,load_5m,memory_usage,network_io,network_rx,network_tx,response_time,timestamp
1.951975178410372,0.0,0.0,0.0,0,0,0,0.0,0.0,0.0,0.0,0.0,100.0,2025-08-08T03:43:42.092100
4.947585647841515,0.0,0.0,0.0,0,1,0,0.0,4.706154812458145,0.0,0.0,0.0,100.0,2025-08-08T03:48:42.092100
0.0,0.0,0.0,0.0,0,0,0,0.0,0.04284230482689893,0.0,0.0,0.0,100.0,2025-08-08T03:53:42.092100
1.2583614568900656,0.0,0.0,0.0,0.6188609133556533,1,0.03570627355036349,0.0,0.0,0.0,0.0,0.0,100.0,2025-08-08T03:58:42.092100
4.28146952565931,0.0,0.0,0.0,0,0,0,0.0,1.5851151599058149,0.0,0.0,0.0,100.0,2025-08-08T04:03:42.092100
0.0,0.0,0.0,0.0,0.6949887326949196,0,0,0.0,0.0,0.0,0.0,0.0,100.0,2025-08-08T04:08:42.092100
4.299795825841322,0.0,0.0,0.0,0.9462315279587412,0,0.014491236581880285,0.0,1.837854293550543,0.0,0.0,0.0,100.0,2025-08-08T04:13:42.092100
0.7285688378251777,0.0,0.0,0.0,0.7234138006215545,0,0.04740790094569841,0.0,2.6352373140239593,0.0,0.0,0.0,100.0,2025-08-08T04:18:42.092100
2.864005707008929,0.0,0.0,0.0,0,0,0,0.0,0.0,0.0,0.0,0.0,100.0,2025-08-08T04:23:42.092100
0.0,0.0,0.0,0.0,0.27136888852880037,0,0,0.0,0.0,0.0,0.0,0.0,100.0,2025-08-08T04:28:42.092100
0.0,0.0,0.0,0.0,0.873309175424988,0,0,0.0,0.0,0.0,0.0,0.0,100.0,2025-08-08T04:33:42.092100
1.5278340793378349,0.0,0.0,0.0,0,0,0.09165071918013967,0.0,0.0,0.0,0.0,0.0,100.0,2025-08-08T04:38:42.092100
6.853326908912334,0.0,0.0,0.0,0.3692285019797492,0,0.022779897509858482,0.0,1.119998078832743,0.0,0.0,0.0,100.0,2025-08-08T04:43:42.092100
3.863998761647427,0.0,0.0,0.0,0,0,0,0.0,0.0,0.0,0.0,0.0,100.0,2025-08-08T04:48:42.092100
0.0,0.0,0.0,0.0,0,0,0.15054705058906753,0.0,3.5432777146804355,0.0,0.0,0.0,100.0,2025-08-08T04:53:42.092100
0.0,0.0,0.0,0.0,0,0,0,0.0,3.316380717924348,0.0,0.0,0.0,100.0,2025-08-08T04:58:42.092100
0.8591538782841107,0.0,0.0,0.0,0.795645767204954,0,0.03383439608941621,0.0,0.0,0.0,0.0,0.0,100.0,2025-08-08T05:03:42.092100
0.0,0.0,0.0,0.0,0,1,0.003810517470585806,0.0,5.970451277941324,0.0,0.0,0.0,100.0,2025-08-08T05:08:42.092100
0.0,0.0,0.0,0.0,0,0,0.11683174574518568,0.0,1.01956833362472,0.0,0.0,0.0,100.0,2025-08-08T05:13:42.092100
0.0,0.0,0.0,0.0,0.9421567552272363,0,0.011645738039654796,0.0,3.968971041920774,0.0,0.0,0.0,100.0,2025-08-08T05:18:42.092100
0.0,0.0,0.0,0.0,0.07394066081759032,0,0.07268414761062991,0.0,1.765774554881557,0.0,0.0,0.0,100.0,2025-08-08T05:23:42.092100
1.9734651801173124,0.0,0.0,0.0,0,0,0,0.0,0.0,0.0,0.0,0.0,100.0,2025-08-08T05:28:42.092100
5.261941165294717,0.0,0.0,0.0,0,0,0.00023444522011933921,0.0,0.0,0.0,0.0,0.0,100.0,2025-08-08T05:33:42.092100
5.187259977714737,0.0,0.0,0.0,0.21794042287634463,0,0.055579797946402054,0.0,0.0,0.0,0.0,0.0,100.0,2025-08-08T05:38:42.092100
7.3503024021042345,0.0,0.0,0.0,0.06070734439035497,1,0.1114505914522233,0.0,0.4725483614355088,0.0,0.0,0.0,100.0,2025-08-08T05:43:42.092100
0.0,0.0,0.0,0.0,0.7574437556463685,0,0.17163944650584684,0.0,0.0,0.0,0.0,0.0,100.0,2025-08-08T05:48:42.092100
0.0,0.0,0.0,0.0,0.8938988905959881,0,0.15120383968161621,0.0,0.0,0.0,0.0,0.0,100.0,2025-08-08T05:53:42.092100
0.0,0.0,0.0,0.0,0.5316688586139755,0,0.10424086610289263,0.0,0.0,0.0,0.0,0.0,100.0,2025-08-08T05:58:42.092100
0.0,0.0,0.0,0.0,0.7448660821705149,0,0,0.0,0.39842874795955086,0.0,0.0,0.0,100.0,2025-08-08T06:03:42.092100
0.0,0.0,0.0,0.0,0,0,0.09197242763599045,0.0,0.31436871023566654,0.0,0.0,0.0,100.0,2025-08-08T06:08:42.092100
6.932090993252523,0.0,0.0,0.0,0.035151682071181245,0,0,0.0,1.1990244611156278,0.0,0.0,0.0,100.0,2025-08-08T06:13:42.092100
0.0,0.0,0.0,0.0,0,0,0.035323487382893315,0.0,0.0,0.0,0.0,0.0,100.0,2025-08-08T06:18:42.092100
0.0,0.0,0.0,0.0,0.8108400260122559,0,0,0.0,1.0488236581607915,0.0,0.0,0.0,100.0,2025-08-08T06:23:42.092100
0.0,0.0,0.0,0.0,0,0,0.06759111131851225,0.0,0.0,0.0,0.0,0.0,100.0,2025-08-08T06:28:42.092100
6.0971993681293934,0.0,0.0,0.0,0.5692388485815068,0,0,0.0,0.5683447466022756,0.0,0.0,0.0,100.0,2025-08-08T06:33:42.092100
0.0,0.0,0.0,0.0,0,0,0,0.0,0.0,0.0,0.0,0.0,100.0,2025-08-08T06:38:42.092100
3.207061892437909,0.0,0.0,0.0,0,0,0.19366608454638645,0.0,1.3869163783464125,0.0,0.0,0.0,100.0,2025-08-08T06:43:42.092100
0.0,0.0,0.0,0.0,0,0,0,0.0,2.8933802908223285,0.0,0.0,0.0,100.0,2025-08-08T06:48:42.092100
0.0,0.0,0.0,0.0,0.8465311985520256,0,0,0.0,0.0,0.0,0.0,0.0,100.0,2025-08-08T06:53:42.092100
5.058887466665627,0.0,0.0,0.0,0.9985649368254532,0,0,0.0,0.4026024995987847,0.0,0.0,0.0,100.0,2025-08-08T06:58:42.092100
9.379925145695026,0.0,0.0,0.0,0,0,0.13947829376572218,0.0,4.263669830081277,0.0,0.0,0.0,100.0,2025-08-08T07:03:42.092100
0,0.0,0.0,0.0,0,0,0,0.0,0,0.0,0.0,0.0,100.0,2025-08-08T07:08:42.092100
0,0.0,0.0,0.0,0,0,0,0.0,2.840706019485694,0.0,0.0,0.0,100.0,2025-08-08T07:13:42.092100
9.908453789854278,0.0,0.0,0.0,0,0,0.08736331011853038,0.0,0.5576832340561824,0.0,0.0,0.0,100.0,2025-08-08T07:18:42.092100
9.374187299383177,0.0,0.0,0.0,0.4959511207581282,0,0.016878080549709684,0.0,0.7918029081625626,0.0,0.0,0.0,100.0,2025-08-08T07:23:42.092100
1.6835518891794248,0.0,0.0,0.0,0,0,0.14108795681931413,0.0,0.02850382919513539,0.0,0.0,0.0,100.0,2025-08-08T07:28:42.092100
0,0.0,0.0,0.0,0.3504251072081803,0,0.038014042580011065,0.0,0,0.0,0.0,0.0,100.0,2025-08-08T07:33:42.092100
0,0.0,0.0,0.0,0.1890383070668824,0,0,0.0,3.902873141294375,0.0,0.0,0.0,100.0,2025-08-08T07:38:42.092100
0,0.0,0.0,0.0,0.8694125154728545,0,0.009113086212783561,0.0,0.8367228929122472,0.0,0.0,0.0,100.0,2025-08-08T07:43:42.092100
4.323836015788295,0.0,0.0,0.0,0.34338044591994255,0,0,0.0,0,0.0,0.0,0.0,100.0,2025-08-08T07:48:42.092100
0,0.0,0.0,0.0,0,0,0,0.0,2.518644924144021,0.0,0.0,0.0,100.0,2025-08-08T07:53:42.092100
9.92192895710189,0.0,0.0,0.0,0,0,0,0.0,0,0.0,0.0,0.0,100.0,2025-08-08T07:58:42.092100
7.61728347372879,0.0,0.0,0.0,0,0,0,0.0,3.7927024248454284,0.0,0.0,0.0,100.0,2025-08-08T08:03:42.092100
8.141597003494837,0.0,0.0,0.0,0.3079526354214652,1,0.19489322545260174,0.0,1.6751664858892514,0.0,0.0,0.0,100.0,2025-08-08T08:08:42.092100
6.342082702309234,0.0,0.0,0.0,0.8778600078542078,0,0.06535548598643093,0.0,0,0.0,0.0,0.0,100.0,2025-08-08T08:13:42.092100
0,0.0,0.0,0.0,0,0,0.021289456353926373,0.0,0,0.0,0.0,0.0,100.0,2025-08-08T08:18:42.092100
4.352243742775958,0.0,0.0,0.0,0,0,0.05369518355403191,0.0,0,0.0,0.0,0.0,100.0,2025-08-08T08:23:42.092100
8.106729821586466,0.0,0.0,0.0,0,0,0,0.0,3.4610371329485545,0.0,0.0,0.0,100.0,2025-08-08T08:28:42.092100
0,0.0,0.0,0.0,0,0,0.05484535092055187,0.0,2.7111922301962714,0.0,0.0,0.0,100.0,2025-08-08T08:33:42.092100
1.0336084225278253,0.0,0.0,0.0,0,0,0,0.0,0,0.0,0.0,0.0,100.0,2025-08-08T08:38:42.092100
8.078571431197862,0.0,0.0,0.0,0.16501913297958803,0,0.1338380079544067,0.0,0.4559028920552235,0.0,0.0,0.0,100.0,2025-08-08T08:43:42.092100
0,0.0,0.0,0.0,0.5922446097760834,0,0.15959259549703603,0.0,0,0.0,0.0,0.0,100.0,2025-08-08T08:48:42.092100
7.978492730529492,0.0,0.0,0.0,0,0,0,0.0,0,0.0,0.0,0.0,100.0,2025-08-08T08:53:42.092100
7.68269402902018,0.0,0.0,0.0,0,0,0.04826460406028513,0.0,0,0.0,0.0,0.0,100.0,2025-08-08T08:58:42.092100
17.501073418558274,0.0,0.0,0.0,0.7628324093266488,1,0.12430868797615874,0.0,7.857399543360888,0.0,0.0,0.0,100.0,2025-08-08T09:03:42.092100
5.6775473221219706,0.0,0.0,0.0,0.6044702778742779,0,0.17232635441933025,0.0,0.0,0.0,0.0,0.0,100.0,2025-08-08T09:08:42.092100
7.457983597785335,0.0,0.0,0.0,0,0,0.11494980365418844,0.0,0.0,0.0,0.0,0.0,100.0,2025-08-08T09:13:42.092100
8.60623803210676,0.0,0.0,0.0,0,0,0.12663464223877158,0.0,0.0,0.0,0.0,0.0,100.0,2025-08-08T09:18:42.092100
7.088291979668683,0.0,0.0,0.0,0,0,0,0.0,0.0,0.0,0.0,0.0,100.0,2025-08-08T09:23:42.092100
8.744470608726873,0.0,0.0,0.0,0.2829634772152554,0,0,0.0,5.135780144531973,0.0,0.0,0.0,100.0,2025-08-08T09:28:42.092100
11.547592492758243,0.0,0.0,0.0,0,0,0.17569485612988628,0.0,0.39837305726594113,0.0,0.0,0.0,100.0,2025-08-08T09:33:42.092100
0.0,0.0,0.0,0.0,0,0,0,0.0,5.0878774733771115,0.0,0.0,0.0,100.0,2025-08-08T09:38:42.092100
5.485081455664902,0.0,0.0,0.0,0.022846119338956195,0,0.0424835413224573,0.0,0.0,0.0,0.0,0.0,100.0,2025-08-08T09:43:42.092100
1.8381130439183877,0.0,0.0,0.0,0,0,0.08351411353366822,0.0,0.0,0.0,0.0,0.0,100.0,2025-08-08T09:48:42.092100
0.9228479302270045,0.0,0.0,0.0,0.34125700886599897,0,0.09678003113579059,0.0,2.4137299905933007,0.0,0.0,0.0,100.0,2025-08-08T09:53:42.092100
0.0,0.0,0.0,0.0,0,0,0,0.0,1.8066145340239963,0.0,0.0,0.0,100.0,2025-08-08T09:58:42.092100
5.274102312334804,0.0,0.0,0.0,0,0,0,0.0,0.0,0.0,0.0,0.0,100.0,2025-08-08T10:03:42.092100
0.0,0.0,0.0,0.0,0.880727341460366,0,0,0.0,0.0,0.0,0.0,0.0,100.0,2025-08-08T10:08:42.092100
19.33466619516397,0.0,0.0,0.0,0.09587442627139642,1,0,0.0,1.9059961131977792,0.0,0.0,0.0,100.0,2025-08-08T10:13:42.092100
0.0,0.0,0.0,0.0,0.30941124740614323,0,0.031993912478272796,0.0,0.0,0.0,0.0,0.0,100.0,2025-08-08T10:18:42.092100
0.0,0.0,0.0,0.0,0.8023616516565084,0,0,0.0,0.0,0.0,0.0,0.0,100.0,2025-08-08T10:23:42.092100
0.0,0.0,0.0,0.0,0.26588171153159146,0,0.006180803966086584,0.0,0.0,0.0,0.0,0.0,100.0,2025-08-08T10:28:42.092100
7.64216314887994,0.0,0.0,0.0,0,0,0.06911826822286682,0.0,2.762519512948055,0.0,0.0,0.0,100.0,2025-08-08T10:33:42.092100
0.0,0.0,0.0,0.0,0.6994753892494638,0,0,0.0,0.0,0.0,0.0,0.0,100.0,2025-08-08T10:38:42.092100
0.0,0.0,0.0,0.0,0.39270850098100984,0,0,0.0,1.427419188114851,0.0,0.0,0.0,100.0,2025-08-08T10:43:42.092100
0.0,0.0,0.0,0.0,0.5019289532369458,0,0,0.0,1.7166381222296252,0.0,0.0,0.0,100.0,2025-08-08T10:48:42.092100
0.0,0.0,0.0,0.0,0.9159320845590795,0,0,0.0,0.0,0.0,0.0,0.0,100.0,2025-08-08T10:53:42.092100
0.0,0.0,0.0,0.0,0,0,0.1393345389406639,0.0,0.0,0.0,0.0,0.0,100.0,2025-08-08T10:58:42.092100
4.021865582072474,0.0,0.0,0.0,0.9000792168863119,0,0.03818092738776788,0.0,5.36681698373093,0.0,0.0,0.0,100.0,2025-08-08T11:03:42.092100
2.7036557462823083,0.0,0.0,0.0,0.6611383394428301,0,0.0019112659297607915,0.0,2.412013574035638,0.0,0.0,0.0,100.0,2025-08-08T11:08:42.092100
9.53299447759829,0.0,0.0,0.0,0,0,0,0.0,2.680209863755434,0.0,0.0,0.0,100.0,2025-08-08T11:13:42.092100
3.30387448262775,0.0,0.0,0.0,0.2534968739635626,0,0.008519925131192846,0.0,2.9239505272688198,0.0,0.0,0.0,100.0,2025-08-08T11:18:42.092100
0.0,0.0,0.0,0.0,0,0,0,0.0,0.0,0.0,0.0,0.0,100.0,2025-08-08T11:23:42.092100
0.0,0.0,0.0,0.0,0.41283828338910444,0,0.0775799249196209,0.0,0.0,0.0,0.0,0.0,100.0,2025-08-08T11:28:42.092100
0.0,0.0,0.0,0.0,0,0,0,0.0,0.46872254554306836,0.0,0.0,0.0,100.0,2025-08-08T11:33:42.092100
9.716123480164244,0.0,0.0,0.0,0.7134640646078685,0,0.07820919459918724,0.0,0.9248735562464768,0.0,0.0,0.0,100.0,2025-08-08T11:38:42.092100
0.0,0.0,0.0,0.0,0.5069502501187717,0,0,0.0,0.0,0.0,0.0,0.0,100.0,2025-08-08T11:43:42.092100
10.882328123282552,0.0,0.0,0.0,0.09226461946767817,0,0.09900626759122033,0.0,0.0,0.0,0.0,0.0,100.0,2025-08-08T11:48:42.092100
0.0,0.0,0.0,0.0,0,0,0,0.0,0.0,0.0,0.0,0.0,100.0,2025-08-08T11:53:42.092100
4.299405240680393,0.0,0.0,0.0,0,0,0,0.0,0.0,0.0,0.0,0.0,100.0,2025-08-08T11:58:42.092100
5.868334126755107,0.0,0.0,0.0,0.12878396604954823,1,0,0.0,0.0,0.0,0.0,0.0,100.0,2025-08-08T12:03:42.092100
3.4259915522240583,0.0,0.0,0.0,0,0,0,0.0,0.0,0.0,0.0,0.0,100.0,2025-08-08T12:08:42.092100
0.0,0.0,0.0,0.0,0,0,0.10449188315761088,0.0,0.0,0.0,0.0,0.0,100.0,2025-08-08T12:13:42.092100
7.966182843726543,0.0,0.0,0.0,0,0,0,0.0,0.0,0.0,0.0,0.0,100.0,2025-08-08T12:18:42.092100
11.997787884221022,0.0,0.0,0.0,0.5624660992217898,0,0.060057637299950006,0.0,0.0,0.0,0.0,0.0,100.0,2025-08-08T12:23:42.092100
6.101596897428629,0.0,0.0,0.0,0,0,0,0.0,4.945729059875878,0.0,0.0,0.0,100.0,2025-08-08T12:28:42.092100
0.0,0.0,0.0,0.0,0,0,0.025587832772007657,0.0,1.8640472908190173,0.0,0.0,0.0,100.0,2025-08-08T12:33:42.092100
6.405554360549779,0.0,0.0,0.0,0.49585130391057164,0,0.042898997556372664,0.0,0.0,0.0,0.0,0.0,100.0,2025-08-08T12:38:42.092100
7.6632281834660425,0.0,0.0,0.0,0,0,0,0.0,5.1119285033749655,0.0,0.0,0.0,100.0,2025-08-08T12:43:42.092100
4.256334884409811,0.0,0.0,0.0,0.4300294100989368,0,0,0.0,5.039901220264855,0.0,0.0,0.0,100.0,2025-08-08T12:48:42.092100
4.574745982391529,0.0,0.0,0.0,0.544961769902448,0,0,0.0,1.3996663516114884,0.0,0.0,0.0,100.0,2025-08-08T12:53:42.092100
2.409878755604258,0.0,0.0,0.0,0.5652706927220392,0,0.19353774060586854,0.0,0.0,0.0,0.0,0.0,100.0,2025-08-08T12:58:42.092100
0.0,0.0,0.0,0.0,0,0,0.002384315870831155,0.0,0.0,0.0,0.0,0.0,100.0,2025-08-08T13:03:42.092100
7.7359420341613925,0.0,0.0,0.0,0.27117021220289184,0,0.18431502688583146,0.0,0.0,0.0,0.0,0.0,100.0,2025-08-08T13:08:42.092100
4.975407448945847,0.0,0.0,0.0,0.9309474624761553,0,0.09351812160535677,0.0,0.0,0.0,0.0,0.0,100.0,2025-08-08T13:13:42.092100
7.3967812513621425,0.0,0.0,0.0,0,0,0,0.0,0.4199019709308138,0.0,0.0,0.0,100.0,2025-08-08T13:18:42.092100
0.0,0.0,0.0,0.0,0,0,0.1322924075562414,0.0,3.8688447602126503,0.0,0.0,0.0,100.0,2025-08-08T13:23:42.092100
0.0,0.0,0.0,0.0,0,1,0.04413268169220824,0.0,0.0,0.0,0.0,0.0,100.0,2025-08-08T13:28:42.092100
8.42286807149902,0.0,0.0,0.0,0.595664713656193,0,0,0.0,0.0,0.0,0.0,0.0,100.0,2025-08-08T13:33:42.092100
9.127679514197409,0.0,0.0,0.0,0,0,0,0.0,2.2130212536542175,0.0,0.0,0.0,100.0,2025-08-08T13:38:42.092100
0.0,0.0,0.0,0.0,0.5163293069649328,0,0,0.0,2.4208213051461374,0.0,0.0,0.0,100.0,2025-08-08T13:43:42.092100
3.501669593782855,0.0,0.0,0.0,0,0,0.11717314725292699,0.0,0.0,0.0,0.0,0.0,100.0,2025-08-08T13:48:42.092100
4.6028917270848435,0.0,0.0,0.0,0,0,0.032622234132946876,0.0,0.0,0.0,0.0,0.0,100.0,2025-08-08T13:53:42.092100
0.0,0.0,0.0,0.0,0.4057098843715379,0,0,0.0,2.705289803849706,0.0,0.0,0.0,100.0,2025-08-08T13:58:42.092100
0.0,0.0,0.0,0.0,0,0,0,0.0,0.0,0.0,0.0,0.0,100.0,2025-08-08T14:03:42.092100
6.292550627618471,0.0,0.0,0.0,0,0,0,0.0,0.0,0.0,0.0,0.0,100.0,2025-08-08T14:08:42.092100
11.438568549193363,0.0,0.0,0.0,0,0,0,0.0,0.27100556019468636,0.0,0.0,0.0,100.0,2025-08-08T14:13:42.092100
0.0,0.0,0.0,0.0,0.06827017853532658,0,0,0.0,0.0,0.0,0.0,0.0,100.0,2025-08-08T14:18:42.092100
11.38307834646571,0.0,0.0,0.0,0,0,0.07896695716407776,0.0,0.5869486347846918,0.0,0.0,0.0,100.0,2025-08-08T14:23:42.092100
0.0,0.0,0.0,0.0,0,0,0.029625687850532906,0.0,4.099917084983881,0.0,0.0,0.0,100.0,2025-08-08T14:28:42.092100
0.0,0.0,0.0,0.0,0,0,0.1764254387072413,0.0,0.0,0.0,0.0,0.0,100.0,2025-08-08T14:33:42.092100
0.0,0.0,0.0,0.0,0,0,0.05177828278079932,0.0,0.0,0.0,0.0,0.0,100.0,2025-08-08T14:38:42.092100
1.5081503300295416,0.0,0.0,0.0,0,0,0.19756724908408807,0.0,0.0,0.0,0.0,0.0,100.0,2025-08-08T14:43:42.092100
2.551623629831107,0.0,0.0,0.0,0.04514507026043568,0,0,0.0,3.1981491282776138,0.0,0.0,0.0,100.0,2025-08-08T14:48:42.092100
0.0,0.0,0.0,0.0,0,0,0.19601250418671917,0.0,3.961833324087981,0.0,0.0,0.0,100.0,2025-08-08T14:53:42.092100
2.6311418938831275,0.0,0.0,0.0,0,0,0.1790360801301512,0.0,2.640982360329995,0.0,0.0,0.0,100.0,2025-08-08T14:58:42.092100
7.70055058521776,0.0,0.0,0.0,0,1,0,0.0,0.0,0.0,0.0,0.0,100.0,2025-08-08T15:03:42.092100
0.0,0.0,0.0,0.0,0,0,0,0.0,1.0319231463151959,0.0,0.0,0.0,100.0,2025-08-08T15:08:42.092100
4.871701394249212,0.0,0.0,0.0,0.8478220889650974,0,0.07495396802849708,0.0,0.0,0.0,0.0,0.0,100.0,2025-08-08T15:13:42.092100
3.001392171941325,0.0,0.0,0.0,0,0,0.17346738337820533,0.0,1.7730134713870462,0.0,0.0,0.0,100.0,2025-08-08T15:18:42.092100
3.5432333616595373,0.0,0.0,0.0,0,0,0.13065246386002388,0.0,4.492525897338667,0.0,0.0,0.0,100.0,2025-08-08T15:23:42.092100
0.0,0.0,0.0,0.0,0,0,0.027682819727636948,0.0,2.738534942765857,0.0,0.0,0.0,100.0,2025-08-08T15:28:42.092100
4.52827178909025,0.0,0.0,0.0,0.0009443542358511525,0,0.17707049629761634,0.0,2.1970705347328905,0.0,0.0,0.0,100.0,2025-08-08T15:33:42.092100
0.0,0.0,0.0,0.0,0,0,0,0.0,0.0,0.0,0.0,0.0,100.0,2025-08-08T15:38:42.092100
0.0,0.0,0.0,0.0,0.1503982184398609,0,0.13438344556247256,0.0,5.081022124121204,0.0,0.0,0.0,100.0,2025-08-08T15:43:42.092100
0.0,0.0,0.0,0.0,0,0,0.06090578187774906,0.0,0.9799471080420803,0.0,0.0,0.0,100.0,2025-08-08T15:48:42.092100
0.0,0.0,0.0,0.0,0,0,0,0.0,0.0,0.0,0.0,0.0,100.0,2025-08-08T15:53:42.092100
0.0,0.0,0.0,0.0,0,0,0,0.0,0.0,0.0,0.0,0.0,100.0,2025-08-08T15:58:42.092100
0.0,0.0,0.0,0.0,0,0,0,0.0,0.0,0.0,0.0,0.0,100.0,2025-08-08T16:03:42.092100
1.944882395981726,0.0,0.0,0.0,0,0,0.13696465368202804,0.0,0.0,0.0,0.0,0.0,100.0,2025-08-08T16:08:42.092100
4.640997875359787,0.0,0.0,0.0,0.14682788409543532,0,0,0.0,0.0,0.0,0.0,0.0,100.0,2025-08-08T16:13:42.092100
7.9501842687489255,0.0,0.0,0.0,0,0,0,0.0,0.0,0.0,0.0,0.0,100.0,2025-08-08T16:18:42.092100
0.0,0.0,0.0,0.0,0,0,0.11651466152447618,0.0,0.0,0.0,0.0,0.0,100.0,2025-08-08T16:23:42.092100
3.1862480507780067,0.0,0.0,0.0,0,0,0.029911859415948587,0.0,0.0,0.0,0.0,0.0,100.0,2025-08-08T16:28:42.092100
0.0,0.0,0.0,0.0,0,0,0,0.0,0.0,0.0,0.0,0.0,100.0,2025-08-08T16:33:42.092100
0.0,0.0,0.0,0.0,0,0,0,0.0,0.0,0.0,0.0,0.0,100.0,2025-08-08T16:38:42.092100
0.0,0.0,0.0,0.0,0,0,0,0.0,5.144385837490373,0.0,0.0,0.0,100.0,2025-08-08T16:43:42.092100
0.0,0.0,0.0,0.0,0,0,0,0.0,4.784501955158679,0.0,0.0,0.0,100.0,2025-08-08T16:48:42.092100
1.9343688423566876,0.0,0.0,0.0,0,0,0.01845400259689172,0.0,0.0,0.0,0.0,0.0,100.0,2025-08-08T16:53:42.092100
0.0,0.0,0.0,0.0,0.8638603873099728,0,0,0.0,1.5348219768111075,0.0,0.0,0.0,100.0,2025-08-08T16:58:42.092100
0.0,0.0,0.0,0.0,0,0,0,0.0,0.0,0.0,0.0,0.0,100.0,2025-08-08T17:03:42.092100
0.0,0.0,0.0,0.0,0,0,0.10916377328783557,0.0,0.0,0.0,0.0,0.0,100.0,2025-08-08T17:08:42.092100
0.0,0.0,0.0,0.0,0.010130195632489276,0,0,0.0,0.0,0.0,0.0,0.0,100.0,2025-08-08T17:13:42.092100
5.358212490468484,0.0,0.0,0.0,0,0,0,0.0,0.0,0.0,0.0,0.0,100.0,2025-08-08T17:18:42.092100
0.0,0.0,0.0,0.0,0,0,0,0.0,0.0,0.0,0.0,0.0,100.0,2025-08-08T17:23:42.092100
0.0,0.0,0.0,0.0,0,0,0,0.0,0.0,0.0,0.0,0.0,100.0,2025-08-08T17:28:42.092100
0.0,0.0,0.0,0.0,0,0,0,0.0,0.0,0.0,0.0,0.0,100.0,2025-08-08T17:33:42.092100
0.0,0.0,0.0,0.0,0,0,0.15851663823854403,0.0,2.668629584052779,0.0,0.0,0.0,100.0,2025-08-08T17:38:42.092100
0.0,0.0,0.0,0.0,0,0,0,0.0,0.0,0.0,0.0,0.0,100.0,2025-08-08T17:43:42.092100
0.0,0.0,0.0,0.0,0,0,0,0.0,0.0,0.0,0.0,0.0,100.0,2025-08-08T17:48:42.092100
0.0,0.0,0.0,0.0,0,0,0.026256818261420307,0.0,0.0,0.0,0.0,0.0,100.0,2025-08-08T17:53:42.092100
0.0,0.0,0.0,0.0,0,0,0,0.0,0.0,0.0,0.0,0.0,100.0,2025-08-08T17:58:42.092100
0.0,0.0,0.0,0.0,0,0,0,0.0,3.303997033195045,0.0,0.0,0.0,100.0,2025-08-08T18:03:42.092100
5.905018360352846,0.0,0.0,0.0,0,0,0,0.0,0.0,0.0,0.0,0.0,100.0,2025-08-08T18:08:42.092100
0.0,0.0,0.0,0.0,0.9574732233694625,0,0.06135953349083135,0.0,0.0,0.0,0.0,0.0,100.0,2025-08-08T18:13:42.092100
6.307658134369282,0.0,0.0,0.0,0.7597161808844983,0,0.020783731194210217,0.0,0.0,0.0,0.0,0.0,100.0,2025-08-08T18:18:42.092100
0.0,0.0,0.0,0.0,0,0,0,0.0,0.0,0.0,0.0,0.0,100.0,2025-08-08T18:23:42.092100
0.0,0.0,0.0,0.0,0,0,0,0.0,0.0,0.0,0.0,0.0,100.0,2025-08-08T18:28:42.092100
0.0,0.0,0.0,0.0,0,0,0,0.0,1.8186121094632681,0.0,0.0,0.0,100.0,2025-08-08T18:33:42.092100
0.0,0.0,0.0,0.0,0,0,0,0.0,2.6548283435040627,0.0,0.0,0.0,100.0,2025-08-08T18:38:42.092100
0.0,0.0,0.0,0.0,0.11123734158590295,0,0,0.0,0.0,0.0,0.0,0.0,100.0,2025-08-08T18:43:42.092100
4.25483779273101,0.0,0.0,0.0,0,0,0,0.0,0.0,0.0,0.0,0.0,100.0,2025-08-08T18:48:42.092100
6.108827273553663,0.0,0.0,0.0,0,0,0,0.0,0.0,0.0,0.0,0.0,100.0,2025-08-08T18:53:42.092100
0.0,0.0,0.0,0.0,0.12372795710442273,0,0.15985688387014466,0.0,2.6215745034723428,0.0,0.0,0.0,100.0,2025-08-08T18:58:42.092100
0.0,0.0,0.0,0.0,0,0,0,0.0,0.0,0.0,0.0,0.0,100.0,2025-08-08T19:03:42.092100
3.544059972321446,0.0,0.0,0.0,0,0,0,0.0,0.0,0.0,0.0,0.0,100.0,2025-08-08T19:08:42.092100
2.6221842106746696,0.0,0.0,0.0,0.6175968894486644,0,0,0.0,0.0,0.0,0.0,0.0,100.0,2025-08-08T19:13:42.092100
0.0,0.0,0.0,0.0,0,0,0,0.0,0.0,0.0,0.0,0.0,100.0,2025-08-08T19:18:42.092100
0.0,0.0,0.0,0.0,0,0,0.12116662343621973,0.0,1.9706679695591813,0.0,0.0,0.0,100.0,2025-08-08T19:23:42.092100
0.0,0.0,0.0,0.0,0.0728383364420542,0,0,0.0,4.080212572568655,0.0,0.0,0.0,100.0,2025-08-08T19:28:42.092100
0.0,0.0,0.0,0.0,0,0,0.041225035510557805,0.0,4.0548691161715205,0.0,0.0,0.0,100.0,2025-08-08T19:33:42.092100
1.8888085628967421,0.0,0.0,0.0,0.2110991910642279,0,0,0.0,0.0,0.0,0.0,0.0,100.0,2025-08-08T19:38:42.092100
0.0,0.0,0.0,0.0,0,0,0,0.0,0.0,0.0,0.0,0.0,100.0,2025-08-08T19:43:42.092100
1.4538323967053943,0.0,0.0,0.0,0,0,0,0.0,1.4963221566598741,0.0,0.0,0.0,100.0,2025-08-08T19:48:42.092100
0.6544382816592058,0.0,0.0,0.0,0.5953554534425375,0,0,0.0,3.741676381122302,0.0,0.0,0.0,100.0,2025-08-08T19:53:42.092100
0.0,0.0,0.0,0.0,0,0,0,0.0,0.0,0.0,0.0,0.0,100.0,2025-08-08T19:58:42.092100
3.0856186779488874,0.0,0.0,0.0,0.5523052199044828,0,0,0.0,3.8882073273213362,0.0,0.0,0.0,100.0,2025-08-08T20:03:42.092100
94.15301357743168,0.0,0.0,77.3155561898394,0.8944369398008026,1,4.721444428749379,0.0,89.42231748321164,0.0,0.0,0.0,1465.286485097697,2025-08-08T20:08:42.092100
0.0,0.0,0.0,0.0,0.06631090596615848,0,0,0.0,0.0,0.0,0.0,0.0,100.0,2025-08-08T20:13:42.092100
0.0,0.0,0.0,0.0,0.13042224092285012,0,0.07903836298821097,0.0,5.47673017712013,0.0,0.0,0.0,100.0,2025-08-08T20:18:42.092100
0.0,0.0,0.0,0.0,0.9321049183770079,0,0,0.0,0.0,0.0,0.0,0.0,100.0,2025-08-08T20:23:42.092100
0.0,0.0,0.0,0.0,0,0,0,0.0,0.0,0.0,0.0,0.0,100.0,2025-08-08T20:28:42.092100
0.0,0.0,0.0,0.0,0,0,0,0.0,0.0,0.0,0.0,0.0,100.0,2025-08-08T20:33:42.092100
0.0,0.0,0.0,0.0,0.4173415861743389,0,0,0.0,2.210723135034444,0.0,0.0,0.0,100.0,2025-08-08T20:38:42.092100
81.70587908419387,0.0,0.0,71.71825565345756,0.8152532170404171,1,3.5235190227284034,0.0,87.34539263417733,0.0,0.0,0.0,1643.493887322446,2025-08-08T20:43:42.092100
0.0,0.0,0.0,0.0,0,0,0.18127165779655763,0.0,0.0,0.0,0.0,0.0,100.0,2025-08-08T20:48:42.092100
0.0,0.0,0.0,0.0,0.13528637536206606,0,0.1391108430899244,0.0,0.0,0.0,0.0,0.0,100.0,2025-08-08T20:53:42.092100
0.0,0.0,0.0,0.0,0,0,0,0.0,1.773942978130971,0.0,0.0,0.0,100.0,2025-08-08T20:58:42.092100
0.0,0.0,0.0,0.0,0.34053085758775664,0,0,0.0,0.0,0.0,0.0,0.0,100.0,2025-08-08T21:03:42.092100
0.0,0.0,0.0,0.0,0,0,0,0.0,0.0,0.0,0.0,0.0,100.0,2025-08-08T21:08:42.092100
0.0,0.0,0.0,0.0,0,0,0.0658665280392335,0.0,0.0,0.0,0.0,0.0,100.0,2025-08-08T21:13:42.092100
0.0,0.0,0.0,0.0,0,0,0.14150041963784513,0.0,0.0,0.0,0.0,0.0,100.0,2025-08-08T21:18:42.092100
0.0,0.0,0.0,0.0,0,0,0,0.0,0.0,0.0,0.0,0.0,100.0,2025-08-08T21:23:42.092100
5.618324717287681,0.0,0.0,0.0,0,0,0.08719653521837308,0.0,0.0,0.0,0.0,0.0,100.0,2025-08-08T21:28:42.092100
0.0,0.0,0.0,0.0,0,0,0.18740960240637683,0.0,0.0,0.0,0.0,0.0,100.0,2025-08-08T21:33:42.092100
0.0,0.0,0.0,0.0,0.47371387231593154,0,0,0.0,0.0,0.0,0.0,0.0,100.0,2025-08-08T21:38:42.092100
0.0,0.0,0.0,0.0,0.4479235148179758,0,0.1364470719061244,0.0,0.0,0.0,0.0,0.0,100.0,2025-08-08T21:43:42.092100
6.931505112845623,0.0,0.0,0.0,0.015642768005606343,0,0,0.0,0.0,0.0,0.0,0.0,100.0,2025-08-08T21:48:42.092100
0.0,0.0,0.0,0.0,0,0,0,0.0,0.0,0.0,0.0,0.0,100.0,2025-08-08T21:53:42.092100
7.474524294860364,0.0,0.0,0.0,0,0,0,0.0,0.0,0.0,0.0,0.0,100.0,2025-08-08T21:58:42.092100
84.54697608541292,0.0,0.0,77.3213973560405,0.8353221107082044,1,2.934268752765931,0.0,88.538502563948,0.0,0.0,0.0,1167.2540767264707,2025-08-08T22:03:42.092100
94.59631617737803,0.0,0.0,57.01224119912525,0.8842481696075755,1,4.708148144174448,0.0,94.42995859673665,0.0,0.0,0.0,1346.3322834376763,2025-08-08T22:08:42.092100
0.0,0.0,0.0,0.0,0,0,0,0.0,1.0490424639045859,0.0,0.0,0.0,100.0,2025-08-08T22:13:42.092100
1.6948027492859592,0.0,0.0,0.0,0.18105178003840958,0,0,0.0,0.0,0.0,0.0,0.0,100.0,2025-08-08T22:18:42.092100
0.0,0.0,0.0,0.0,0,0,0.17277387534910224,0.0,0.0,0.0,0.0,0.0,100.0,2025-08-08T22:23:42.092100
0.0,0.0,0.0,0.0,0,0,0,0.0,0.0,0.0,0.0,0.0,100.0,2025-08-08T22:28:42.092100
0.0,0.0,0.0,0.0,0,0,0.1388600093424664,0.0,0.0,0.0,0.0,0.0,100.0,2025-08-08T22:33:42.092100
0.0,0.0,0.0,0.0,0,0,0.18106045623546219,0.0,1.6371317755570638,0.0,0.0,0.0,100.0,2025-08-08T22:38:42.092100
0.0,0.0,0.0,0.0,0,0,0.09074390812605028,0.0,1.648184865130494,0.0,0.0,0.0,100.0,2025-08-08T22:43:42.092100
0.0,0.0,0.0,0.0,0,0,0,0.0,0.0,0.0,0.0,0.0,100.0,2025-08-08T22:48:42.092100
0.0,0.0,0.0,0.0,0.7424902176982252,0,0,0.0,0.4046349205083217,0.0,0.0,0.0,100.0,2025-08-08T22:53:42.092100
0.0,0.0,0.0,0.0,0.5690233770908304,0,0,0.0,0.0,0.0,0.0,0.0,100.0,2025-08-08T22:58:42.092100
0.0,0.0,0.0,0.0,0,0,0,0.0,3.117159614783009,0.0,0.0,0.0,100.0,2025-08-08T23:03:42.092100
0.0,0.0,0.0,0.0,0,0,0.04775543535054344,0.0,3.7910114704015747,0.0,0.0,0.0,100.0,2025-08-08T23:08:42.092100
6.664942597273,0.0,0.0,0.0,0,0,0,0.0,0.0,0.0,0.0,0.0,100.0,2025-08-08T23:13:42.092100
0.0,0.0,0.0,0.0,0,0,0,0.0,0.0,0.0,0.0,0.0,100.0,2025-08-08T23:18:42.092100
0.0,0.0,0.0,0.0,0.37750690117822977,0,0.08957657333339045,0.0,0.0,0.0,0.0,0.0,100.0,2025-08-08T23:23:42.092100
3.293535025281027,0.0,0.0,0.0,0.4436291591364364,0,0.0072214868486888345,0.0,0.0,0.0,0.0,0.0,100.0,2025-08-08T23:28:42.092100
0.0,0.0,0.0,0.0,0,0,0,0.0,1.3412367600041415,0.0,0.0,0.0,100.0,2025-08-08T23:33:42.092100
0.0,0.0,0.0,0.0,0,0,0.1833022102559339,0.0,0.0,0.0,0.0,0.0,100.0,2025-08-08T23:38:42.092100
5.249827698433835,0.0,0.0,0.0,0,0,0.1949285728134732,0.0,0.0,0.0,0.0,0.0,100.0,2025-08-08T23:43:42.092100
0.0,0.0,0.0,0.0,0,0,0.19941715072120408,0.0,0.0,0.0,0.0,0.0,100.0,2025-08-08T23:48:42.092100
7.438498362141747,0.0,0.0,0.0,0,0,0,0.0,0.0,0.0,0.0,0.0,100.0,2025-08-08T23:53:42.092100
0.0,0.0,0.0,0.0,0.5047071386848822,0,0,0.0,0.0,0.0,0.0,0.0,100.0,2025-08-08T23:58:42.092100
2.6642640938689874,0.0,0.0,0.0,0,0,0.07245005629695335,0.0,0.0,0.0,0.0,0.0,100.0,2025-08-09T00:03:42.092100
0.0,0.0,0.0,0.0,0.09593712972917455,0,0,0.0,0.0,0.0,0.0,0.0,100.0,2025-08-09T00:08:42.092100
0.0,0.0,0.0,0.0,0.8647871940482668,0,0,0.0,0.0,0.0,0.0,0.0,100.0,2025-08-09T00:13:42.092100
0.0,0.0,0.0,0.0,0.8237314203154212,0,0,0.0,5.010526931184028,0.0,0.0,0.0,100.0,2025-08-09T00:18:42.092100
2.579979007564986,0.0,0.0,0.0,0,0,0,0.0,0.0,0.0,0.0,0.0,100.0,2025-08-09T00:23:42.092100
0.0,0.0,0.0,0.0,0.6912896647814946,0,0.11159890960066655,0.0,0.0,0.0,0.0,0.0,100.0,2025-08-09T00:28:42.092100
0.0,0.0,0.0,0.0,0.45013006446586895,0,0,0.0,0.0,0.0,0.0,0.0,100.0,2025-08-09T00:33:42.092100
0.0,0.0,0.0,0.0,0,0,0.0995793082730513,0.0,0.0,0.0,0.0,0.0,100.0,2025-08-09T00:38:42.092100
0.0,0.0,0.0,0.0,0,0,0,0.0,0.0,0.0,0.0,0.0,100.0,2025-08-09T00:43:42.092100
0.0,0.0,0.0,0.0,0.06820496605552408,0,0.049299456267005035,0.0,0.0,0.0,0.0,0.0,100.0,2025-08-09T00:48:42.092100
0.0,0.0,0.0,0.0,0,0,0.0020665842831345863,0.0,0.0,0.0,0.0,0.0,100.0,2025-08-09T00:53:42.092100
4.067836428054721,0.0,0.0,0.0,0,0,0.14695181942405833,0.0,3.5179331465150416,0.0,0.0,0.0,100.0,2025-08-09T00:58:42.092100
0.0,0.0,0.0,0.0,0.8066816337463181,0,0.03368436964912105,0.0,0.0,0.0,0.0,0.0,100.0,2025-08-09T01:03:42.092100
83.69680269319103,0.0,0.0,70.21647791829852,0.8973275514933851,1,4.530742556704428,0.0,87.22971711647232,0.0,0.0,0.0,1522.8725283132164,2025-08-09T01:08:42.092100
0.0,0.0,0.0,0.0,0,0,0.025160855667515164,0.0,1.8607015005794478,0.0,0.0,0.0,100.0,2025-08-09T01:13:42.092100
0.0,0.0,0.0,0.0,0,0,0.010151853024592039,0.0,0.0,0.0,0.0,0.0,100.0,2025-08-09T01:18:42.092100
0.0,0.0,0.0,0.0,0.4420531407121738,0,0.1894763210734996,0.0,0.0,0.0,0.0,0.0,100.0,2025-08-09T01:23:42.092100
0.0,0.0,0.0,0.0,0,0,0.08037775164113714,0.0,0.0,0.0,0.0,0.0,100.0,2025-08-09T01:28:42.092100
0.0,0.0,0.0,0.0,0,0,0,0.0,0.0,0.0,0.0,0.0,100.0,2025-08-09T01:33:42.092100
0.0,0.0,0.0,0.0,0.7847916354856466,0,0,0.0,0.0,0.0,0.0,0.0,100.0,2025-08-09T01:38:42.092100
2.357841510852598,0.0,0.0,0.0,0,0,0,0.0,3.0638653913264875,0.0,0.0,0.0,100.0,2025-08-09T01:43:42.092100
6.890929679089061,0.0,0.0,0.0,0,0,0,0.0,1.3952199975799313,0.0,0.0,0.0,100.0,2025-08-09T01:48:42.092100
1.3461618871655088,0.0,0.0,0.0,0,0,0.08557581256388118,0.0,0.0,0.0,0.0,0.0,100.0,2025-08-09T01:53:42.092100
3.603361086380046,0.0,0.0,0.0,0,0,0,0.0,0.0,0.0,0.0,0.0,100.0,2025-08-09T01:58:42.092100
0.0,0.0,0.0,0.0,0.6620598991658847,0,0,0.0,0.8367293720787964,0.0,0.0,0.0,100.0,2025-08-09T02:03:42.092100
0.0,0.0,0.0,0.0,0,0,0,0.0,3.657997130241124,0.0,0.0,0.0,100.0,2025-08-09T02:08:42.092100
0.9110420943996949,0.0,0.0,0.0,0.6446195483306252,0,0,0.0,0.0,0.0,0.0,0.0,100.0,2025-08-09T02:13:42.092100
0.0,0.0,0.0,0.0,0,0,0,0.0,0.0,0.0,0.0,0.0,100.0,2025-08-09T02:18:42.092100
1.0230480533204884,0.0,0.0,0.0,0.5533580147800432,0,0.013926058414874456,0.0,4.303845775089129,0.0,0.0,0.0,100.0,2025-08-09T02:23:42.092100
1.8699431699800382,0.0,0.0,0.0,0,0,0,0.0,5.9511387304356,0.0,0.0,0.0,100.0,2025-08-09T02:28:42.092100
0.0,0.0,0.0,0.0,0,0,0,0.0,0.0,0.0,0.0,0.0,100.0,2025-08-09T02:33:42.092100
0.0,0.0,0.0,0.0,0,0,0,0.0,0.0,0.0,0.0,0.0,100.0,2025-08-09T02:38:42.092100
0.0,0.0,0.0,0.0,0,0,0,0.0,0.0,0.0,0.0,0.0,100.0,2025-08-09T02:43:42.092100
0.0,0.0,0.0,0.0,0.06612930313965526,0,0,0.0,0.0,0.0,0.0,0.0,100.0,2025-08-09T02:48:42.092100
0.0,0.0,0.0,0.0,0.35437339787074706,0,0.011353635701325915,0.0,0.0,0.0,0.0,0.0,100.0,2025-08-09T02:53:42.092100
0.0,0.0,0.0,0.0,0.6643782066085845,0,0,0.0,3.6884838272008573,0.0,0.0,0.0,100.0,2025-08-09T02:58:42.092100
3.8564493143377088,0.0,0.0,0.0,0.8582651111187395,0,0.021744980866743133,0.0,0.0,0.0,0.0,0.0,100.0,2025-08-09T03:03:42.092100
0.0,0.0,0.0,0.0,0,0,0.08110605250092923,0.0,0.5348861631815331,0.0,0.0,0.0,100.0,2025-08-09T03:08:42.092100
0.0,0.0,0.0,0.0,0.17495756496203438,0,0,0.0,0.0,0.0,0.0,0.0,100.0,2025-08-09T03:13:42.092100
0.0,0.0,0.0,0.0,0.9454027248163962,0,0,0.0,0.0,0.0,0.0,0.0,100.0,2025-08-09T03:18:42.092100
0.0,0.0,0.0,0.0,0,0,0,0.0,5.890408983249017,0.0,0.0,0.0,100.0,2025-08-09T03:23:42.092100
0.0,0.0,0.0,0.0,0,0,0,0.0,0.0,0.0,0.0,0.0,100.0,2025-08-09T03:28:42.092100
0.0,0.0,0.0,0.0,0,0,0.035837672368185004,0.0,1.495179166722907,0.0,0.0,0.0,100.0,2025-08-09T03:33:42.092100
2.583457445663618,0.0,0.0,0.0,0.06477261415398365,0,0.1633279464326706,0.0,3.8750307893237754,0.0,0.0,0.0,100.0,2025-08-09T03:38:42.092100
0.0,0.0,0.0,0.0,0,0,0.022399311663123405,0.0,0.0,0.0,0.0,0.0,100.0,2025-08-09T03:43:42.092100
0.0,0.0,0.0,0.0,0.07289634244314992,0,0,0.0,0.0,0.0,0.0,0.0,100.0,2025-08-09T03:48:42.092100
0.0,0.0,0.0,0.0,0.2613162318365337,0,0,0.0,0.0,0.0,0.0,0.0,100.0,2025-08-09T03:53:42.092100
0.0,0.0,0.0,0.0,0,0,0,0.0,0.0,0.0,0.0,0.0,100.0,2025-08-09T03:58:42.092100
7.242701728873993,0.0,0.0,0.0,0.22960524458709805,0,0,0.0,0.0,0.0,0.0,0.0,100.0,2025-08-09T04:03:42.092100
0.0,0.0,0.0,0.0,0,0,0,0.0,0.0,0.0,0.0,0.0,100.0,2025-08-09T04:08:42.092100
0.0,0.0,0.0,0.0,0,0,0,0.0,0.0,0.0,0.0,0.0,100.0,2025-08-09T04:13:42.092100
83.21482008771623,0.0,0.0,64.49102504378243,0.9392092542823871,1,2.943723362257638,0.0,94.5981041774023,0.0,0.0,0.0,1439.6107896742328,2025-08-09T04:18:42.092100
0.0,0.0,0.0,0.0,0.2077472851312542,0,0,0.0,0.0,0.0,0.0,0.0,100.0,2025-08-09T04:23:42.092100
1.1791446999497657,0.0,0.0,0.0,0,0,0.0843793453563446,0.0,0.0,0.0,0.0,0.0,100.0,2025-08-09T04:28:42.092100
6.744032189909396,0.0,0.0,0.0,0,0,0,0.0,0.0,0.0,0.0,0.0,100.0,2025-08-09T04:33:42.092100
4.735552128730333,0.0,0.0,0.0,0.38205293857863803,0,0,0.0,0.0,0.0,0.0,0.0,100.0,2025-08-09T04:38:42.092100
0.0,0.0,0.0,0.0,0,0,0,0.0,0.0,0.0,0.0,0.0,100.0,2025-08-09T04:43:42.092100
0.0,0.0,0.0,0.0,0,0,0,0.0,0.0,0.0,0.0,0.0,100.0,2025-08-09T04:48:42.092100
0.0,0.0,0.0,0.0,0,0,0.1448821026759733,0.0,0.0,0.0,0.0,0.0,100.0,2025-08-09T04:53:42.092100
0.0,0.0,0.0,0.0,0,0,0,0.0,2.3220786610851496,0.0,0.0,0.0,100.0,2025-08-09T04:58:42.092100
0.0,0.0,0.0,0.0,0.8933522772505935,0,0.04260798914754563,0.0,0.0,0.0,0.0,0.0,100.0,2025-08-09T05:03:42.092100
0.0,0.0,0.0,0.0,0,0,0,0.0,1.23639965131958,0.0,0.0,0.0,100.0,2025-08-09T05:08:42.092100
0.0,0.0,0.0,0.0,0,0,0,0.0,0.3513136889919104,0.0,0.0,0.0,100.0,2025-08-09T05:13:42.092100
0.0,0.0,0.0,0.0,0.26214001753004984,0,0,0.0,0.0,0.0,0.0,0.0,100.0,2025-08-09T05:18:42.092100
0.0,0.0,0.0,0.0,0,0,0,0.0,2.3938221588800404,0.0,0.0,0.0,100.0,2025-08-09T05:23:42.092100
1.2112565241812336,0.0,0.0,0.0,0,0,0,0.0,0.0,0.0,0.0,0.0,100.0,2025-08-09T05:28:42.092100
0.0,0.0,0.0,0.0,0,0,0,0.0,4.462392530012409,0.0,0.0,0.0,100.0,2025-08-09T05:33:42.092100
0.0,0.0,0.0,0.0,0,0,0,0.0,0.0,0.0,0.0,0.0,100.0,2025-08-09T05:38:42.092100
0.0,0.0,0.0,0.0,0,0,0,0.0,0.0,0.0,0.0,0.0,100.0,2025-08-09T05:43:42.092100
0.0,0.0,0.0,0.0,0,0,0,0.0,0.0,0.0,0.0,0.0,100.0,2025-08-09T05:48:42.092100
0.0,0.0,0.0,0.0,0,0,0,0.0,0.0,0.0,0.0,0.0,100.0,2025-08-09T05:53:42.092100
0.0,0.0,0.0,0.0,0,0,0,0.0,4.196387104901575,0.0,0.0,0.0,100.0,2025-08-09T05:58:42.092100
3.2800122227550017,0.0,0.0,0.0,0,0,0,0.0,0.0,0.0,0.0,0.0,100.0,2025-08-09T06:03:42.092100
0.0,0.0,0.0,0.0,0,0,0,0.0,3.863693964789293,0.0,0.0,0.0,100.0,2025-08-09T06:08:42.092100
2.0788397668058614,0.0,0.0,0.0,0,0,0,0.0,0.0,0.0,0.0,0.0,100.0,2025-08-09T06:13:42.092100
0.0,0.0,0.0,0.0,0,0,0,0.0,0.0,0.0,0.0,0.0,100.0,2025-08-09T06:18:42.092100
0.0,0.0,0.0,0.0,0,0,0,0.0,0.5098933203289048,0.0,0.0,0.0,100.0,2025-08-09T06:23:42.092100
0.0,0.0,0.0,0.0,0,0,0,0.0,4.58489197211936,0.0,0.0,0.0,100.0,2025-08-09T06:28:42.092100
0.0,0.0,0.0,0.0,0.7237415819138878,0,0,0.0,0.0,0.0,0.0,0.0,100.0,2025-08-09T06:33:42.092100
0.8274973094831596,0.0,0.0,0.0,0.4811936992490494,0,0,0.0,0.0,0.0,0.0,0.0,100.0,2025-08-09T06:38:42.092100
0.0,0.0,0.0,0.0,0.47582772486007385,0,0,0.0,3.6632754269649648,0.0,0.0,0.0,100.0,2025-08-09T06:43:42.092100
0.0,0.0,0.0,0.0,0.2998935377761629,0,0.19808620154038534,0.0,0.0,0.0,0.0,0.0,100.0,2025-08-09T06:48:42.092100
0.0,0.0,0.0,0.0,0.5949325620417207,0,0,0.0,0.0,0.0,0.0,0.0,100.0,2025-08-09T06:53:42.092100
0.0,0.0,0.0,0.0,0,0,0,0.0,0.0,0.0,0.0,0.0,100.0,2025-08-09T06:58:42.092100
0.0,0.0,0.0,0.0,0.04058470207979831,0,0,0.0,0.0,0.0,0.0,0.0,100.0,2025-08-09T07:03:42.092100
0.0,0.0,0.0,0.0,0,0,0,0.0,0.0,0.0,0.0,0.0,100.0,2025-08-09T07:08:42.092100
4.7197150192023365,0.0,0.0,0.0,0.8016568481146132,0,0,0.0,1.4533976053118733,0.0,0.0,0.0,100.0,2025-08-09T07:13:42.092100
2.6987819705497196,0.0,0.0,0.0,0.3616061156603025,0,0,0.0,3.277461593826673,0.0,0.0,0.0,100.0,2025-08-09T07:18:42.092100
0.0,0.0,0.0,0.0,0.47136946702324434,0,0,0.0,3.9548587437638947,0.0,0.0,0.0,100.0,2025-08-09T07:23:42.092100
90.06099430295149,0.0,0.0,59.09966122739471,0.886348381871336,1,4.678760200398065,0.0,90.26275925687676,0.0,0.0,0.0,1263.0137504991221,2025-08-09T07:28:42.092100
0.0,0.0,0.0,0.0,0,0,0,0.0,0.0,0.0,0.0,0.0,100.0,2025-08-09T07:33:42.092100
6.391294381947193,0.0,0.0,0.0,0.6865447049557607,0,0,0.0,0.0,0.0,0.0,0.0,100.0,2025-08-09T07:38:42.092100
0.0,0.0,0.0,0.0,0.6862092188537822,0,0,0.0,0.0,0.0,0.0,0.0,100.0,2025-08-09T07:43:42.092100
0.0,0.0,0.0,0.0,0,0,0,0.0,3.711329812677731,0.0,0.0,0.0,100.0,2025-08-09T07:48:42.092100
0.0,0.0,0.0,0.0,0,0,0.18507207364448544,0.0,0.0,0.0,0.0,0.0,100.0,2025-08-09T07:53:42.092100
0.0,0.0,0.0,0.0,0,0,0,0.0,0.0,0.0,0.0,0.0,100.0,2025-08-09T07:58:42.092100
0.0,0.0,0.0,0.0,0.15946944464356505,0,0,0.0,3.3380377144799356,0.0,0.0,0.0,100.0,2025-08-09T08:03:42.092100
0.0,0.0,0.0,0.0,0.23752652799066346,0,0,0.0,0.0,0.0,0.0,0.0,100.0,2025-08-09T08:08:42.092100
5.260943233519529,0.0,0.0,0.0,0,0,0,0.0,0.0,0.0,0.0,0.0,100.0,2025-08-09T08:13:42.092100
6.310606795124566,0.0,0.0,0.0,0.8493086168240213,0,0.13927852797799464,0.0,0.0,0.0,0.0,0.0,100.0,2025-08-09T08:18:42.092100
2.091325020572315,0.0,0.0,0.0,0.2927106345025211,0,0,0.0,0.0,0.0,0.0,0.0,100.0,2025-08-09T08:23:42.092100
0.0,0.0,0.0,0.0,0,0,0,0.0,4.692009848278997,0.0,0.0,0.0,100.0,2025-08-09T08:28:42.092100
0.0,0.0,0.0,0.0,0,0,0.09199738216807057,0.0,4.752883763906637,0.0,0.0,0.0,100.0,2025-08-09T08:33:42.092100
0.0,0.0,0.0,0.0,0.12794667588378358,0,0.03609456467858204,0.0,2.3407566763137195,0.0,0.0,0.0,100.0,2025-08-09T08:38:42.092100
0.0,0.0,0.0,0.0,0,0,0.18321885528624274,0.0,0.0,0.0,0.0,0.0,100.0,2025-08-09T08:43:42.092100
0.0,0.0,0.0,0.0,0.5545612482419607,0,0.18348818232337538,0.0,0.0,0.0,0.0,0.0,100.0,2025-08-09T08:48:42.092100
0.0,0.0,0.0,0.0,0,0,0,0.0,0.8592163743265261,0.0,0.0,0.0,100.0,2025-08-09T08:53:42.092100
0.0,0.0,0.0,0.0,0,0,0,0.0,0.27544901142298256,0.0,0.0,0.0,100.0,2025-08-09T08:58:42.092100
0.0,0.0,0.0,0.0,0,0,0.028577009350752917,0.0,1.5581168528859664,0.0,0.0,0.0,100.0,2025-08-09T09:03:42.092100
0.0,0.0,0.0,0.0,0,0,0,0.0,0.0,0.0,0.0,0.0,100.0,2025-08-09T09:08:42.092100
0.0,0.0,0.0,0.0,0,0,0,0.0,0.0,0.0,0.0,0.0,100.0,2025-08-09T09:13:42.092100
0.0,0.0,0.0,0.0,0,0,0,0.0,0.0,0.0,0.0,0.0,100.0,2025-08-09T09:18:42.092100
0.0,0.0,0.0,0.0,0.8712502097876934,0,0.1468994142721853,0.0,0.0,0.0,0.0,0.0,100.0,2025-08-09T09:23:42.092100
0.0,0.0,0.0,0.0,0,0,0.053573416893573055,0.0,0.0,0.0,0.0,0.0,100.0,2025-08-09T09:28:42.092100
4.177875788242508,0.0,0.0,0.0,0,0,0,0.0,0.0,0.0,0.0,0.0,100.0,2025-08-09T09:33:42.092100
5.716414020085528,0.0,0.0,0.0,0,0,0,0.0,0.0,0.0,0.0,0.0,100.0,2025-08-09T09:38:42.092100
1.9376969229540397,0.0,0.0,0.0,0,0,0,0.0,0.0,0.0,0.0,0.0,100.0,2025-08-09T09:43:42.092100
0.0,0.0,0.0,0.0,0.4108902764105807,0,0,0.0,0.0,0.0,0.0,0.0,100.0,2025-08-09T09:48:42.092100
0.0,0.0,0.0,0.0,0.3536225153148554,0,0.06307948660541186,0.0,5.545400749719443,0.0,0.0,0.0,100.0,2025-08-09T09:53:42.092100
0.0,0.0,0.0,0.0,0,0,0.08305669187749361,0.0,1.8386824509843025,0.0,0.0,0.0,100.0,2025-08-09T09:58:42.092100
4.860283998393944,0.0,0.0,0.0,0,0,0,0.0,0.0,0.0,0.0,0.0,100.0,2025-08-09T10:03:42.092100
4.000484337639678,0.0,0.0,0.0,0,0,0.12613567430654177,0.0,5.335666666965978,0.0,0.0,0.0,100.0,2025-08-09T10:08:42.092100
0.0,0.0,0.0,0.0,0,0,0.1386823478729189,0.0,0.0,0.0,0.0,0.0,100.0,2025-08-09T10:13:42.092100
0.0,0.0,0.0,0.0,0.827321876541774,0,0,0.0,0.0,0.0,0.0,0.0,100.0,2025-08-09T10:18:42.092100
0.0,0.0,0.0,0.0,0,0,0,0.0,0.0,0.0,0.0,0.0,100.0,2025-08-09T10:23:42.092100
6.9158239057574935,0.0,0.0,0.0,0,0,0,0.0,0.0,0.0,0.0,0.0,100.0,2025-08-09T10:28:42.092100
0.0,0.0,0.0,0.0,0,0,0.16130630321469988,0.0,0.0,0.0,0.0,0.0,100.0,2025-08-09T10:33:42.092100
0.0,0.0,0.0,0.0,0,0,0,0.0,5.850687174740011,0.0,0.0,0.0,100.0,2025-08-09T10:38:42.092100
0.0,0.0,0.0,0.0,0.4886846455990025,0,0.0068354678264481925,0.0,0.0,0.0,0.0,0.0,100.0,2025-08-09T10:43:42.092100
0.0,0.0,0.0,0.0,0,0,0,0.0,4.28326786742687,0.0,0.0,0.0,100.0,2025-08-09T10:48:42.092100
5.766223841892426,0.0,0.0,0.0,0.9650297443957984,0,0,0.0,0.0,0.0,0.0,0.0,100.0,2025-08-09T10:53:42.092100
0.0,0.0,0.0,0.0,0,0,0,0.0,0.0,0.0,0.0,0.0,100.0,2025-08-09T10:58:42.092100
0.0,0.0,0.0,0.0,0,0,0,0.0,0.0,0.0,0.0,0.0,100.0,2025-08-09T11:03:42.092100
6.838557409153783,0.0,0.0,0.0,0,0,0,0.0,0.0,0.0,0.0,0.0,100.0,2025-08-09T11:08:42.092100
0.0,0.0,0.0,0.0,0,0,0.0784048484193662,0.0,0.0,0.0,0.0,0.0,100.0,2025-08-09T11:13:42.092100
0.0,0.0,0.0,0.0,0.24993547589066298,0,0,0.0,0.0,0.0,0.0,0.0,100.0,2025-08-09T11:18:42.092100
7.122051610770916,0.0,0.0,0.0,0,0,0,0.0,0.0,0.0,0.0,0.0,100.0,2025-08-09T11:23:42.092100
0.0,0.0,0.0,0.0,0,0,0,0.0,0.0,0.0,0.0,0.0,100.0,2025-08-09T11:28:42.092100
6.384741628308787,0.0,0.0,0.0,0.3071439441179539,0,0,0.0,0.0,0.0,0.0,0.0,100.0,2025-08-09T11:33:42.092100
1.6165576649802935,0.0,0.0,0.0,0.029921138269274443,0,0,0.0,2.9004370485577806,0.0,0.0,0.0,100.0,2025-08-09T11:38:42.092100
1.3066554160763937,0.0,0.0,0.0,0.6561554056923666,0,0,0.0,0.0,0.0,0.0,0.0,100.0,2025-08-09T11:43:42.092100
0.0,0.0,0.0,0.0,0,0,0,0.0,0.0,0.0,0.0,0.0,100.0,2025-08-09T11:48:42.092100
0.0,0.0,0.0,0.0,0,0,0.10742656729416952,0.0,0.0,0.0,0.0,0.0,100.0,2025-08-09T11:53:42.092100
0.0,0.0,0.0,0.0,0,0,0.18290991689758362,0.0,0.0,0.0,0.0,0.0,100.0,2025-08-09T11:58:42.092100
0.0,0.0,0.0,0.0,0,0,0,0.0,0.0,0.0,0.0,0.0,100.0,2025-08-09T12:03:42.092100
0.0,0.0,0.0,0.0,0,0,0,0.0,0.0,0.0,0.0,0.0,100.0,2025-08-09T12:08:42.092100
0.0,0.0,0.0,0.0,0.1779400755959975,0,0.13342944711871815,0.0,4.455080605741121,0.0,0.0,0.0,100.0,2025-08-09T12:13:42.092100
0.0,0.0,0.0,0.0,0.655142263271163,0,0.18104740362609348,0.0,0.0,0.0,0.0,0.0,100.0,2025-08-09T12:18:42.092100
0.0,0.0,0.0,0.0,0.6120836605087776,0,0.13714791056014938,0.0,0.0,0.0,0.0,0.0,100.0,2025-08-09T12:23:42.092100
0.0,0.0,0.0,0.0,0.19940674938039465,0,0,0.0,0.0,0.0,0.0,0.0,100.0,2025-08-09T12:28:42.092100
0.0,0.0,0.0,0.0,0.6082019782044091,0,0.16343076233156342,0.0,0.0,0.0,0.0,0.0,100.0,2025-08-09T12:33:42.092100
0.0,0.0,0.0,0.0,0.23825125191657004,0,0,0.0,0.0,0.0,0.0,0.0,100.0,2025-08-09T12:38:42.092100
1.0650073655723706,0.0,0.0,0.0,0,0,0.1964486826983117,0.0,0.0,0.0,0.0,0.0,100.0,2025-08-09T12:43:42.092100
2.2755809090001065,0.0,0.0,0.0,0.18322128739379304,0,0,0.0,3.2138245436177555,0.0,0.0,0.0,100.0,2025-08-09T12:48:42.092100
0.0,0.0,0.0,0.0,0.4214748470620298,0,0,0.0,2.0503784177053435,0.0,0.0,0.0,100.0,2025-08-09T12:53:42.092100
0.0,0.0,0.0,0.0,0,0,0,0.0,0.0,0.0,0.0,0.0,100.0,2025-08-09T12:58:42.092100
0.0,0.0,0.0,0.0,0,0,0,0.0,5.782900640947115,0.0,0.0,0.0,100.0,2025-08-09T13:03:42.092100
0.0,0.0,0.0,0.0,0.7625189832220848,0,0,0.0,0.5510331355002127,0.0,0.0,0.0,100.0,2025-08-09T13:08:42.092100
0.0,0.0,0.0,0.0,0,0,0,0.0,0.0,0.0,0.0,0.0,100.0,2025-08-09T13:13:42.092100
1.9551401151756131,0.0,0.0,0.0,0,0,0,0.0,5.628145503497512,0.0,0.0,0.0,100.0,2025-08-09T13:18:42.092100
0.0,0.0,0.0,0.0,0,0,0.0826495333305478,0.0,0.0,0.0,0.0,0.0,100.0,2025-08-09T13:23:42.092100
2.423678904182873,0.0,0.0,0.0,0,0,0,0.0,4.779187536924106,0.0,0.0,0.0,100.0,2025-08-09T13:28:42.092100
0.0,0.0,0.0,0.0,0.8216656545522574,0,0,0.0,0.0,0.0,0.0,0.0,100.0,2025-08-09T13:33:42.092100
0.0,0.0,0.0,0.0,0,0,0,0.0,0.0,0.0,0.0,0.0,100.0,2025-08-09T13:38:42.092100
2.3700153454114457,0.0,0.0,0.0,0,0,0.07859377507406007,0.0,2.57485417889711,0.0,0.0,0.0,100.0,2025-08-09T13:43:42.092100
6.829727541954196,0.0,0.0,0.0,0.17695213960605113,0,0.12360287553717665,0.0,4.167199773267601,0.0,0.0,0.0,100.0,2025-08-09T13:48:42.092100
0.0,0.0,0.0,0.0,0,0,0,0.0,0.0,0.0,0.0,0.0,100.0,2025-08-09T13:53:42.092100
0.0,0.0,0.0,0.0,0,0,0,0.0,0.0,0.0,0.0,0.0,100.0,2025-08-09T13:58:42.092100
0.0,0.0,0.0,0.0,0.9234442633213185,0,0.01860978342291924,0.0,0.0,0.0,0.0,0.0,100.0,2025-08-09T14:03:42.092100
3.2745717870289646,0.0,0.0,0.0,0.8036272772630504,0,0,0.0,5.331074420695366,0.0,0.0,0.0,100.0,2025-08-09T14:08:42.092100
0.0,0.0,0.0,0.0,0,0,0,0.0,0.6782888575902684,0.0,0.0,0.0,100.0,2025-08-09T14:13:42.092100
0.0,0.0,0.0,0.0,0,0,0.18404526352962003,0.0,0.0,0.0,0.0,0.0,100.0,2025-08-09T14:18:42.092100
81.30214951063861,0.0,0.0,70.65337855796939,0.8721762133096957,1,2.0818723522635967,0.0,85.64328392980384,0.0,0.0,0.0,1447.4813922693152,2025-08-09T14:23:42.092100
0.0,0.0,0.0,0.0,0,0,0.049102344773848956,0.0,5.97986422772221,0.0,0.0,0.0,100.0,2025-08-09T14:28:42.092100
0.0,0.0,0.0,0.0,0,0,0,0.0,4.572139867517347,0.0,0.0,0.0,100.0,2025-08-09T14:33:42.092100
2.863443051849053,0.0,0.0,0.0,0.44430182867052553,0,0,0.0,0.0,0.0,0.0,0.0,100.0,2025-08-09T14:38:42.092100
0.0,0.0,0.0,0.0,0,0,0.10820433655220249,0.0,0.0,0.0,0.0,0.0,100.0,2025-08-09T14:43:42.092100
3.7924478968329445,0.0,0.0,0.0,0,0,0,0.0,0.0,0.0,0.0,0.0,100.0,2025-08-09T14:48:42.092100
0.0,0.0,0.0,0.0,0,0,0.1522268144893396,0.0,0.0,0.0,0.0,0.0,100.0,2025-08-09T14:53:42.092100
5.308001503793909,0.0,0.0,0.0,0,0,0.10394192350785757,0.0,4.120046769989894,0.0,0.0,0.0,100.0,2025-08-09T14:58:42.092100
0.0,0.0,0.0,0.0,0,0,0,0.0,0.0,0.0,0.0,0.0,100.0,2025-08-09T15:03:42.092100
0.0,0.0,0.0,0.0,0.5669439755049044,0,0,0.0,0.0,0.0,0.0,0.0,100.0,2025-08-09T15:08:42.092100
0.0,0.0,0.0,0.0,0,0,0.025114923193921553,0.0,3.5884739924829447,0.0,0.0,0.0,100.0,2025-08-09T15:13:42.092100
0.0,0.0,0.0,0.0,0,0,0,0.0,0.0,0.0,0.0,0.0,100.0,2025-08-09T15:18:42.092100
2.055772667559244,0.0,0.0,0.0,0,0,0,0.0,0.0,0.0,0.0,0.0,100.0,2025-08-09T15:23:42.092100
3.2354451806943163,0.0,0.0,0.0,0,0,0,0.0,0.7086416958543887,0.0,0.0,0.0,100.0,2025-08-09T15:28:42.092100
0.0,0.0,0.0,0.0,0.13555382922844372,0,0,0.0,0.0,0.0,0.0,0.0,100.0,2025-08-09T15:33:42.092100
0.0,0.0,0.0,0.0,0.3624239889624403,0,0,0.0,0.5158810725771349,0.0,0.0,0.0,100.0,2025-08-09T15:38:42.092100
0.0,0.0,0.0,0.0,0.88564032474919,0,0,0.0,0.0,0.0,0.0,0.0,100.0,2025-08-09T15:43:42.092100
0.0,0.0,0.0,0.0,0,0,0,0.0,0.0,0.0,0.0,0.0,100.0,2025-08-09T15:48:42.092100
3.747086876243509,0.0,0.0,0.0,0,0,0,0.0,3.801083373922319,0.0,0.0,0.0,100.0,2025-08-09T15:53:42.092100
2.7580707769820254,0.0,0.0,0.0,0,0,0.03266635798073952,0.0,0.0,0.0,0.0,0.0,100.0,2025-08-09T15:58:42.092100
0.0,0.0,0.0,0.0,0.32384556844135304,0,0.04726034964121339,0.0,0.0,0.0,0.0,0.0,100.0,2025-08-09T16:03:42.092100
0.0,0.0,0.0,0.0,0.8488962663845019,0,0.09367593054279569,0.0,3.682358837382704,0.0,0.0,0.0,100.0,2025-08-09T16:08:42.092100
0.0,0.0,0.0,0.0,0.1766120493158479,0,0,0.0,2.9832929409998545,0.0,0.0,0.0,100.0,2025-08-09T16:13:42.092100
0.0,0.0,0.0,0.0,0.19773774861996343,0,0,0.0,1.4714064428048623,0.0,0.0,0.0,100.0,2025-08-09T16:18:42.092100
5.203349009503665,0.0,0.0,0.0,0,0,0,0.0,0.0,0.0,0.0,0.0,100.0,2025-08-09T16:23:42.092100
3.5204487388604933,0.0,0.0,0.0,0,0,0,0.0,0.0,0.0,0.0,0.0,100.0,2025-08-09T16:28:42.092100
0.0,0.0,0.0,0.0,0,0,0,0.0,0.0,0.0,0.0,0.0,100.0,2025-08-09T16:33:42.092100
0.0,0.0,0.0,0.0,0,0,0,0.0,5.228204181938429,0.0,0.0,0.0,100.0,2025-08-09T16:38:42.092100
0.0,0.0,0.0,0.0,0,0,0,0.0,0.0,0.0,0.0,0.0,100.0,2025-08-09T16:43:42.092100
0.0,0.0,0.0,0.0,0,0,0,0.0,0.0,0.0,0.0,0.0,100.0,2025-08-09T16:48:42.092100
0.0,0.0,0.0,0.0,0,0,0,0.0,0.0,0.0,0.0,0.0,100.0,2025-08-09T16:53:42.092100
0.0,0.0,0.0,0.0,0.8274823596567341,0,0,0.0,1.114563245832832,0.0,0.0,0.0,100.0,2025-08-09T16:58:42.092100
0.0,0.0,0.0,0.0,0,0,0.10510142832095375,0.0,5.568721128725062,0.0,0.0,0.0,100.0,2025-08-09T17:03:42.092100
0.0,0.0,0.0,0.0,0.975359774852702,0,0,0.0,0.0,0.0,0.0,0.0,100.0,2025-08-09T17:08:42.092100
0.9061085149234955,0.0,0.0,0.0,0.06611907127028671,0,0,0.0,3.6000278869464144,0.0,0.0,0.0,100.0,2025-08-09T17:13:42.092100
0.0,0.0,0.0,0.0,0,0,0.1311974544326703,0.0,0.0,0.0,0.0,0.0,100.0,2025-08-09T17:18:42.092100
0.0,0.0,0.0,0.0,0,0,0,0.0,0.0,0.0,0.0,0.0,100.0,2025-08-09T17:23:42.092100
0.0,0.0,0.0,0.0,0,0,0,0.0,0.0,0.0,0.0,0.0,100.0,2025-08-09T17:28:42.092100
0.0,0.0,0.0,0.0,0,0,0,0.0,1.369341383660179,0.0,0.0,0.0,100.0,2025-08-09T17:33:42.092100
0.0,0.0,0.0,0.0,0,0,0,0.0,0.0,0.0,0.0,0.0,100.0,2025-08-09T17:38:42.092100
0.0,0.0,0.0,0.0,0,0,0,0.0,0.0,0.0,0.0,0.0,100.0,2025-08-09T17:43:42.092100
0.0,0.0,0.0,0.0,0,0,0,0.0,0.0,0.0,0.0,0.0,100.0,2025-08-09T17:48:42.092100
0.0,0.0,0.0,0.0,0,0,0.18159566848580658,0.0,0.0,0.0,0.0,0.0,100.0,2025-08-09T17:53:42.092100
5.925108170397373,0.0,0.0,0.0,0.7272592992688817,0,0,0.0,0.0,0.0,0.0,0.0,100.0,2025-08-09T17:58:42.092100
0.0,0.0,0.0,0.0,0,0,0.01860795549702065,0.0,0.0,0.0,0.0,0.0,100.0,2025-08-09T18:03:42.092100
0.0,0.0,0.0,0.0,0,0,0,0.0,4.1569983773931,0.0,0.0,0.0,100.0,2025-08-09T18:08:42.092100
0.0,0.0,0.0,0.0,0,0,0,0.0,5.005626439058306,0.0,0.0,0.0,100.0,2025-08-09T18:13:42.092100
0.0,0.0,0.0,0.0,0,0,0,0.0,0.0,0.0,0.0,0.0,100.0,2025-08-09T18:18:42.092100
0.0,0.0,0.0,0.0,0,0,0,0.0,3.64608803248933,0.0,0.0,0.0,100.0,2025-08-09T18:23:42.092100
0.0,0.0,0.0,0.0,0.9574766425928907,0,0.024048837342458905,0.0,3.164615006894285,0.0,0.0,0.0,100.0,2025-08-09T18:28:42.092100
0.0,0.0,0.0,0.0,0,0,0,0.0,0.0,0.0,0.0,0.0,100.0,2025-08-09T18:33:42.092100
7.448820482230224,0.0,0.0,0.0,0,0,0.05994758292841628,0.0,0.0,0.0,0.0,0.0,100.0,2025-08-09T18:38:42.092100
0.0,0.0,0.0,0.0,0,0,0,0.0,0.0,0.0,0.0,0.0,100.0,2025-08-09T18:43:42.092100
0.0,0.0,0.0,0.0,0.5250052543218865,0,0,0.0,0.0,0.0,0.0,0.0,100.0,2025-08-09T18:48:42.092100
0.0,0.0,0.0,0.0,0,0,0.19719896585421579,0.0,0.0,0.0,0.0,0.0,100.0,2025-08-09T18:53:42.092100
6.636250276967904,0.0,0.0,0.0,0,0,0,0.0,1.1274554767848555,0.0,0.0,0.0,100.0,2025-08-09T18:58:42.092100
0.0,0.0,0.0,0.0,0.5509574268800165,0,0,0.0,3.488505002474687,0.0,0.0,0.0,100.0,2025-08-09T19:03:42.092100
0.0,0.0,0.0,0.0,0,0,0.14279805607882173,0.0,0.0,0.0,0.0,0.0,100.0,2025-08-09T19:08:42.092100
0.0,0.0,0.0,0.0,0,0,0.18786237684665882,0.0,0.0,0.0,0.0,0.0,100.0,2025-08-09T19:13:42.092100
0.0,0.0,0.0,0.0,0.13891699845376046,0,0,0.0,0.42161533770589243,0.0,0.0,0.0,100.0,2025-08-09T19:18:42.092100
0.0,0.0,0.0,0.0,0,0,0,0.0,0.0,0.0,0.0,0.0,100.0,2025-08-09T19:23:42.092100
0.0,0.0,0.0,0.0,0,0,0,0.0,0.0,0.0,0.0,0.0,100.0,2025-08-09T19:28:42.092100
2.0641927565165092,0.0,0.0,0.0,0.8422021466756582,0,0.16098247440892144,0.0,0.0,0.0,0.0,0.0,100.0,2025-08-09T19:33:42.092100
0.0,0.0,0.0,0.0,0,0,0,0.0,0.0,0.0,0.0,0.0,100.0,2025-08-09T19:38:42.092100
5.137625518008861,0.0,0.0,0.0,0.2580731999007208,0,0,0.0,0.0,0.0,0.0,0.0,100.0,2025-08-09T19:43:42.092100
2.1170969933065815,0.0,0.0,0.0,0,0,0.16137873253341253,0.0,3.4931572433835267,0.0,0.0,0.0,100.0,2025-08-09T19:48:42.092100
0.0,0.0,0.0,0.0,0.8341363337356421,0,0.10548593219208095,0.0,2.615775010363199,0.0,0.0,0.0,100.0,2025-08-09T19:53:42.092100
3.984223277152104,0.0,0.0,0.0,0.4363294958353882,0,0,0.0,0.0,0.0,0.0,0.0,100.0,2025-08-09T19:58:42.092100
0.7385939848940719,0.0,0.0,0.0,0.3533116647993476,0,0.15417828696594588,0.0,0.0,0.0,0.0,0.0,100.0,2025-08-09T20:03:42.092100
0.0,0.0,0.0,0.0,0,0,0.05310738426232149,0.0,0.0,0.0,0.0,0.0,100.0,2025-08-09T20:08:42.092100
1.43342956220748,0.0,0.0,0.0,0,0,0,0.0,0.0,0.0,0.0,0.0,100.0,2025-08-09T20:13:42.092100
0.0,0.0,0.0,0.0,0,0,0.010515026588901539,0.0,0.0,0.0,0.0,0.0,100.0,2025-08-09T20:18:42.092100
0.0,0.0,0.0,0.0,0,0,0,0.0,0.0,0.0,0.0,0.0,100.0,2025-08-09T20:23:42.092100
0.0,0.0,0.0,0.0,0,0,0,0.0,0.0,0.0,0.0,0.0,100.0,2025-08-09T20:28:42.092100
0.0,0.0,0.0,0.0,0,0,0,0.0,0.0,0.0,0.0,0.0,100.0,2025-08-09T20:33:42.092100
0.0,0.0,0.0,0.0,0,0,0.11705949858145429,0.0,1.32944145331063,0.0,0.0,0.0,100.0,2025-08-09T20:38:42.092100
0.0,0.0,0.0,0.0,0.41887072670083086,0,0,0.0,1.4510557277472753,0.0,0.0,0.0,100.0,2025-08-09T20:43:42.092100
2.5644210362775866,0.0,0.0,0.0,0.9706488464189319,0,0.038909949940229636,0.0,0.0,0.0,0.0,0.0,100.0,2025-08-09T20:48:42.092100
0.0,0.0,0.0,0.0,0,0,0,0.0,0.1749704407039244,0.0,0.0,0.0,100.0,2025-08-09T20:53:42.092100
0.0,0.0,0.0,0.0,0,0,0.11352837061740008,0.0,0.0,0.0,0.0,0.0,100.0,2025-08-09T20:58:42.092100
0.0,0.0,0.0,0.0,0.1134247870845411,0,0.028177612516496885,0.0,0.0,0.0,0.0,0.0,100.0,2025-08-09T21:03:42.092100
0.8680778337388659,0.0,0.0,0.0,0.8791904239833339,0,0,0.0,0.0,0.0,0.0,0.0,100.0,2025-08-09T21:08:42.092100
0.0,0.0,0.0,0.0,0,0,0.034619759142216495,0.0,0.0,0.0,0.0,0.0,100.0,2025-08-09T21:13:42.092100
0.0,0.0,0.0,0.0,0.7252091254276253,0,0,0.0,0.0,0.0,0.0,0.0,100.0,2025-08-09T21:18:42.092100
0.0,0.0,0.0,0.0,0,0,0,0.0,0.0,0.0,0.0,0.0,100.0,2025-08-09T21:23:42.092100
0.0,0.0,0.0,0.0,0,0,0.004937479219712105,0.0,2.1890859875945736,0.0,0.0,0.0,100.0,2025-08-09T21:28:42.092100
4.89275216177039,0.0,0.0,0.0,0,0,0,0.0,0.0,0.0,0.0,0.0,100.0,2025-08-09T21:33:42.092100
0.0,0.0,0.0,0.0,0,0,0,0.0,0.0,0.0,0.0,0.0,100.0,2025-08-09T21:38:42.092100
0.0,0.0,0.0,0.0,0,0,0.0711522261195499,0.0,0.0,0.0,0.0,0.0,100.0,2025-08-09T21:43:42.092100
0.0,0.0,0.0,0.0,0,0,0,0.0,0.0,0.0,0.0,0.0,100.0,2025-08-09T21:48:42.092100
0.0,0.0,0.0,0.0,0.7427454190750455,0,0,0.0,0.0,0.0,0.0,0.0,100.0,2025-08-09T21:53:42.092100
82.61032505513874,0.0,0.0,89.74233991039095,0.9077186330803939,1,4.17020596216503,0.0,87.36239553283657,0.0,0.0,0.0,1564.1803231634944,2025-08-09T21:58:42.092100
0.0,0.0,0.0,0.0,0,0,0.12886531891432593,0.0,0.0,0.0,0.0,0.0,100.0,2025-08-09T22:03:42.092100
0.0,0.0,0.0,0.0,0,0,0,0.0,0.0,0.0,0.0,0.0,100.0,2025-08-09T22:08:42.092100
0.0,0.0,0.0,0.0,0,0,0,0.0,0.0,0.0,0.0,0.0,100.0,2025-08-09T22:13:42.092100
0.0,0.0,0.0,0.0,0.4492498397179722,0,0.09561584914130064,0.0,0.0,0.0,0.0,0.0,100.0,2025-08-09T22:18:42.092100
0.0,0.0,0.0,0.0,0.024051220300739713,0,0.14345750274794686,0.0,0.0,0.0,0.0,0.0,100.0,2025-08-09T22:23:42.092100
0.0,0.0,0.0,0.0,0,0,0,0.0,0.0,0.0,0.0,0.0,100.0,2025-08-09T22:28:42.092100
7.366823336937054,0.0,0.0,0.0,0,0,0,0.0,0.0,0.0,0.0,0.0,100.0,2025-08-09T22:33:42.092100
3.8896786247894846,0.0,0.0,0.0,0,0,0.12860944656259699,0.0,0.0,0.0,0.0,0.0,100.0,2025-08-09T22:38:42.092100
0.0,0.0,0.0,0.0,0,0,0.0767008506940857,0.0,3.5167986805942673,0.0,0.0,0.0,100.0,2025-08-09T22:43:42.092100
0.0,0.0,0.0,0.0,0,0,0,0.0,0.0,0.0,0.0,0.0,100.0,2025-08-09T22:48:42.092100
0.0,0.0,0.0,0.0,0.9754778652377548,0,0.19024491618778247,0.0,0.0,0.0,0.0,0.0,100.0,2025-08-09T22:53:42.092100
0.0,0.0,0.0,0.0,0.38987510216344917,0,0.19115993215926405,0.0,0.0,0.0,0.0,0.0,100.0,2025-08-09T22:58:42.092100
0.0,0.0,0.0,0.0,0,0,0.0464467937081124,0.0,5.028899071182195,0.0,0.0,0.0,100.0,2025-08-09T23:03:42.092100
90.95490341857699,0.0,0.0,81.18088384859885,0.8534692038721985,1,3.9354495454702025,0.0,93.52467393695372,0.0,0.0,0.0,1774.8063101529426,2025-08-09T23:08:42.092100
0.0,0.0,0.0,0.0,0.5643523820375429,0,0.18860735172006868,0.0,0.0,0.0,0.0,0.0,100.0,2025-08-09T23:13:42.092100
0.0,0.0,0.0,0.0,0,0,0.014959856340831242,0.0,0.0,0.0,0.0,0.0,100.0,2025-08-09T23:18:42.092100
0.0,0.0,0.0,0.0,0,0,0,0.0,5.595274136548962,0.0,0.0,0.0,100.0,2025-08-09T23:23:42.092100
0.0,0.0,0.0,0.0,0,0,0,0.0,0.0,0.0,0.0,0.0,100.0,2025-08-09T23:28:42.092100
0.0,0.0,0.0,0.0,0.22387999563038907,0,0,0.0,1.7474181502926671,0.0,0.0,0.0,100.0,2025-08-09T23:33:42.092100
0.0,0.0,0.0,0.0,0.10848060662698024,0,0,0.0,0.0,0.0,0.0,0.0,100.0,2025-08-09T23:38:42.092100
0.0,0.0,0.0,0.0,0.37707444422424535,0,0.03749480569899372,0.0,5.975370128706919,0.0,0.0,0.0,100.0,2025-08-09T23:43:42.092100
0.6155055849409936,0.0,0.0,0.0,0.3528251406860333,0,0.028715895693471428,0.0,0.0,0.0,0.0,0.0,100.0,2025-08-09T23:48:42.092100
2.246788629969114,0.0,0.0,0.0,0,0,0,0.0,0.0,0.0,0.0,0.0,100.0,2025-08-09T23:53:42.092100
7.704601120020214,0.0,0.0,0.0,0,0,0,0.0,0.0,0.0,0.0,0.0,100.0,2025-08-09T23:58:42.092100
0.0,0.0,0.0,0.0,0.7029440651053526,0,0,0.0,0.0,0.0,0.0,0.0,100.0,2025-08-10T00:03:42.092100
3.6576393670188447,0.0,0.0,0.0,0,0,0.0368269794868655,0.0,0.0,0.0,0.0,0.0,100.0,2025-08-10T00:08:42.092100
3.764032206416766,0.0,0.0,0.0,0,0,0,0.0,1.7371499052497108,0.0,0.0,0.0,100.0,2025-08-10T00:13:42.092100
0.0,0.0,0.0,0.0,0.6570994911769746,0,0,0.0,1.1931835281374494,0.0,0.0,0.0,100.0,2025-08-10T00:18:42.092100
5.846380384826949,0.0,0.0,0.0,0,0,0,0.0,0.0,0.0,0.0,0.0,100.0,2025-08-10T00:23:42.092100
0.0,0.0,0.0,0.0,0,0,0,0.0,0.0,0.0,0.0,0.0,100.0,2025-08-10T00:28:42.092100
5.726550733786954,0.0,0.0,0.0,0,0,0,0.0,0.0,0.0,0.0,0.0,100.0,2025-08-10T00:33:42.092100
0.0,0.0,0.0,0.0,0.6860986984352504,0,0,0.0,0.0,0.0,0.0,0.0,100.0,2025-08-10T00:38:42.092100
0.0,0.0,0.0,0.0,0,0,0.18247116801798852,0.0,0.0,0.0,0.0,0.0,100.0,2025-08-10T00:43:42.092100
0.0,0.0,0.0,0.0,0.10033117250194218,0,0.1283198085737533,0.0,0.0,0.0,0.0,0.0,100.0,2025-08-10T00:48:42.092100
1.8274222313113848,0.0,0.0,0.0,0.14642072014461877,0,0,0.0,0.0,0.0,0.0,0.0,100.0,2025-08-10T00:53:42.092100
0.0,0.0,0.0,0.0,0,0,0,0.0,0.0,0.0,0.0,0.0,100.0,2025-08-10T00:58:42.092100
0.0,0.0,0.0,0.0,0.3828270811137396,0,0,0.0,0.0,0.0,0.0,0.0,100.0,2025-08-10T01:03:42.092100
0.0,0.0,0.0,0.0,0.6529682381065351,0,0,0.0,0.0,0.0,0.0,0.0,100.0,2025-08-10T01:08:42.092100
7.367258214494541,0.0,0.0,0.0,0.9577067200473601,0,0.1339828463586176,0.0,2.6251996904796826,0.0,0.0,0.0,100.0,2025-08-10T01:13:42.092100
0.0,0.0,0.0,0.0,0,0,0.09419955166555889,0.0,0.0,0.0,0.0,0.0,100.0,2025-08-10T01:18:42.092100
0.0,0.0,0.0,0.0,0,0,0,0.0,0.0,0.0,0.0,0.0,100.0,2025-08-10T01:23:42.092100
0.0,0.0,0.0,0.0,0,0,0.18757527376717958,0.0,0.0,0.0,0.0,0.0,100.0,2025-08-10T01:28:42.092100
0.0,0.0,0.0,0.0,0.8759848140423503,0,0,0.0,5.5070689869636364,0.0,0.0,0.0,100.0,2025-08-10T01:33:42.092100
0.0,0.0,0.0,0.0,0.5218252956090879,0,0,0.0,0.0,0.0,0.0,0.0,100.0,2025-08-10T01:38:42.092100
93.25521662677738,0.0,0.0,82.61653571185775,0.840873182469617,1,4.575915021184725,0.0,86.36660942125648,0.0,0.0,0.0,1292.8464529702387,2025-08-10T01:43:42.092100
0.0,0.0,0.0,0.0,0,0,0,0.0,0.0,0.0,0.0,0.0,100.0,2025-08-10T01:48:42.092100
7.635697443115681,0.0,0.0,0.0,0,0,0,0.0,0.0,0.0,0.0,0.0,100.0,2025-08-10T01:53:42.092100
0.0,0.0,0.0,0.0,0.8405361645656165,0,0,0.0,0.0,0.0,0.0,0.0,100.0,2025-08-10T01:58:42.092100
0.0,0.0,0.0,0.0,0,0,0.061310732281674364,0.0,0.0,0.0,0.0,0.0,100.0,2025-08-10T02:03:42.092100
0.0,0.0,0.0,0.0,0,0,0.1201451507067102,0.0,0.0,0.0,0.0,0.0,100.0,2025-08-10T02:08:42.092100
0.0,0.0,0.0,0.0,0,0,0,0.0,0.0,0.0,0.0,0.0,100.0,2025-08-10T02:13:42.092100
6.802262025389191,0.0,0.0,0.0,0,0,0.06432115977921234,0.0,0.0,0.0,0.0,0.0,100.0,2025-08-10T02:18:42.092100
0.0,0.0,0.0,0.0,0,0,0,0.0,0.0,0.0,0.0,0.0,100.0,2025-08-10T02:23:42.092100
0.0,0.0,0.0,0.0,0.34307011152131844,0,0.13252953080800411,0.0,0.0,0.0,0.0,0.0,100.0,2025-08-10T02:28:42.092100
0.0,0.0,0.0,0.0,0,0,0,0.0,0.0,0.0,0.0,0.0,100.0,2025-08-10T02:33:42.092100
0.0,0.0,0.0,0.0,0,0,0.14799164835567444,0.0,0.0,0.0,0.0,0.0,100.0,2025-08-10T02:38:42.092100
0.0,0.0,0.0,0.0,0.6573860180877922,0,0,0.0,0.0,0.0,0.0,0.0,100.0,2025-08-10T02:43:42.092100
7.879520598923603,0.0,0.0,0.0,0,0,0,0.0,1.7871647547618026,0.0,0.0,0.0,100.0,2025-08-10T02:48:42.092100
5.308528931503674,0.0,0.0,0.0,0,0,0,0.0,0.0,0.0,0.0,0.0,100.0,2025-08-10T02:53:42.092100
0.0,0.0,0.0,0.0,0.9287751134510734,0,0,0.0,0.0,0.0,0.0,0.0,100.0,2025-08-10T02:58:42.092100
7.428906567532849,0.0,0.0,0.0,0,0,0,0.0,0.0,0.0,0.0,0.0,100.0,2025-08-10T03:03:42.092100
0.0,0.0,0.0,0.0,0,0,0.0925119944062803,0.0,3.9445833542083837,0.0,0.0,0.0,100.0,2025-08-10T03:08:42.092100
0.0,0.0,0.0,0.0,0.6902305710183955,0,0.13207846034125503,0.0,0.3645664940653748,0.0,0.0,0.0,100.0,2025-08-10T03:13:42.092100
3.2967975896957284,0.0,0.0,0.0,0.3868842253511931,0,0,0.0,5.574671837726826,0.0,0.0,0.0,100.0,2025-08-10T03:18:42.092100
0.0,0.0,0.0,0.0,0,0,0,0.0,0.0,0.0,0.0,0.0,100.0,2025-08-10T03:23:42.092100
0.0,0.0,0.0,0.0,0,0,0.03253753543748902,0.0,2.7690063413344443,0.0,0.0,0.0,100.0,2025-08-10T03:28:42.092100
0.0,0.0,0.0,0.0,0.9532525793191104,0,0,0.0,0.0,0.0,0.0,0.0,100.0,2025-08-10T03:33:42.092100
0.0,0.0,0.0,0.0,0,0,0,0.0,0.0,0.0,0.0,0.0,100.0,2025-08-10T03:38:42.092100
6.153797603448235,0.0,0.0,0.0,0,0,0,0.0,1.8745121490269498,0.0,0.0,0.0,100.0,2025-08-10T03:43:42.092100
5.051130713202129,0.0,0.0,0.0,0,0,0.04933401700948944,0.0,0.0,0.0,0.0,0.0,100.0,2025-08-10T03:48:42.092100
4.454487755796131,0.0,0.0,0.0,0,0,0,0.0,0.0,0.0,0.0,0.0,100.0,2025-08-10T03:53:42.092100
0.0,0.0,0.0,0.0,0,0,0,0.0,0.0,0.0,0.0,0.0,100.0,2025-08-10T03:58:42.092100
0.0,0.0,0.0,0.0,0,0,0,0.0,0.0,0.0,0.0,0.0,100.0,2025-08-10T04:03:42.092100
0.0,0.0,0.0,0.0,0.35454094970258615,0,0,0.0,4.4675630966579485,0.0,0.0,0.0,100.0,2025-08-10T04:08:42.092100
3.6157416496785397,0.0,0.0,0.0,0.6346742464700367,0,0.1928526811144694,0.0,0.0,0.0,0.0,0.0,100.0,2025-08-10T04:13:42.092100
0.0,0.0,0.0,0.0,0,0,0,0.0,0.0,0.0,0.0,0.0,100.0,2025-08-10T04:18:42.092100
0.0,0.0,0.0,0.0,0,0,0,0.0,5.965794375156947,0.0,0.0,0.0,100.0,2025-08-10T04:23:42.092100
0.8158447964772291,0.0,0.0,0.0,0,0,0.03329392545541799,0.0,0.0,0.0,0.0,0.0,100.0,2025-08-10T04:28:42.092100
84.32006734592761,0.0,0.0,59.08429841375039,0.9490850437691409,1,4.431017133289064,0.0,87.84155564220792,0.0,0.0,0.0,1988.2828643956016,2025-08-10T04:33:42.092100
2.849986149988613,0.0,0.0,0.0,0.4457686310747873,0,0,0.0,5.245519268411826,0.0,0.0,0.0,100.0,2025-08-10T04:38:42.092100
0.0,0.0,0.0,0.0,0,0,0.16609217866551457,0.0,0.0,0.0,0.0,0.0,100.0,2025-08-10T04:43:42.092100
0.0,0.0,0.0,0.0,0,0,0,0.0,0.8146889813851023,0.0,0.0,0.0,100.0,2025-08-10T04:48:42.092100
4.009954243939161,0.0,0.0,0.0,0,0,0,0.0,5.4021398886189065,0.0,0.0,0.0,100.0,2025-08-10T04:53:42.092100
0.0,0.0,0.0,0.0,0,0,0,0.0,0.48678112401169027,0.0,0.0,0.0,100.0,2025-08-10T04:58:42.092100
0.0,0.0,0.0,0.0,0,0,0.029986710664413083,0.0,0.0,0.0,0.0,0.0,100.0,2025-08-10T05:03:42.092100
0.0,0.0,0.0,0.0,0,0,0.13218535141634385,0.0,2.536335314181146,0.0,0.0,0.0,100.0,2025-08-10T05:08:42.092100
0.0,0.0,0.0,0.0,0,0,0,0.0,0.0,0.0,0.0,0.0,100.0,2025-08-10T05:13:42.092100
0.0,0.0,0.0,0.0,0,0,0,0.0,0.0,0.0,0.0,0.0,100.0,2025-08-10T05:18:42.092100
0.0,0.0,0.0,0.0,0.33007020158703404,0,0,0.0,1.7535336082421231,0.0,0.0,0.0,100.0,2025-08-10T05:23:42.092100
0.0,0.0,0.0,0.0,0.040002058747490334,0,0.051504387559154825,0.0,2.4540181043267455,0.0,0.0,0.0,100.0,2025-08-10T05:28:42.092100
0.0,0.0,0.0,0.0,0,0,0,0.0,0.0,0.0,0.0,0.0,100.0,2025-08-10T05:33:42.092100
0.0,0.0,0.0,0.0,0.9142211508197595,0,0.12767094049950253,0.0,0.0,0.0,0.0,0.0,100.0,2025-08-10T05:38:42.092100
0.0,0.0,0.0,0.0,0,0,0.17496019922014042,0.0,2.5931982002894336,0.0,0.0,0.0,100.0,2025-08-10T05:43:42.092100
0.0,0.0,0.0,0.0,0,0,0,0.0,1.6212967198235788,0.0,0.0,0.0,100.0,2025-08-10T05:48:42.092100
86.9113783729416,0.0,0.0,61.53334206834455,0.9292295918784548,1,3.5911728390279127,0.0,91.09868607875228,0.0,0.0,0.0,1084.3077803623144,2025-08-10T05:53:42.092100
0.0,0.0,0.0,0.0,0,0,0,0.0,0.3150301652506063,0.0,0.0,0.0,100.0,2025-08-10T05:58:42.092100
0.0,0.0,0.0,0.0,0,0,0.11913366721148305,0.0,0.0,0.0,0.0,0.0,100.0,2025-08-10T06:03:42.092100
0.0,0.0,0.0,0.0,0,0,0.15044889729964814,0.0,0.0,0.0,0.0,0.0,100.0,2025-08-10T06:08:42.092100
0.0,0.0,0.0,0.0,0.5506795083437849,0,0.010851827453847745,0.0,0.0,0.0,0.0,0.0,100.0,2025-08-10T06:13:42.092100
0.0,0.0,0.0,0.0,0,0,0,0.0,1.261321650374519,0.0,0.0,0.0,100.0,2025-08-10T06:18:42.092100
0.0,0.0,0.0,0.0,0,0,0,0.0,0.0,0.0,0.0,0.0,100.0,2025-08-10T06:23:42.092100
0.0,0.0,0.0,0.0,0,0,0.12246439281056352,0.0,0.0,0.0,0.0,0.0,100.0,2025-08-10T06:28:42.092100
2.799746101658029,0.0,0.0,0.0,0.8752162518108303,0,0,0.0,3.026827756624845,0.0,0.0,0.0,100.0,2025-08-10T06:33:42.092100
0.0,0.0,0.0,0.0,0.786655958664188,0,0,0.0,0.6020771100842628,0.0,0.0,0.0,100.0,2025-08-10T06:38:42.092100
0.0,0.0,0.0,0.0,0,0,0.18558616670475897,0.0,0.0,0.0,0.0,0.0,100.0,2025-08-10T06:43:42.092100
0.0,0.0,0.0,0.0,0,0,0,0.0,0.0,0.0,0.0,0.0,100.0,2025-08-10T06:48:42.092100
0.0,0.0,0.0,0.0,0,0,0.06186736685931542,0.0,0.0,0.0,0.0,0.0,100.0,2025-08-10T06:53:42.092100
0.0,0.0,0.0,0.0,0,0,0,0.0,0.0,0.0,0.0,0.0,100.0,2025-08-10T06:58:42.092100
0.0,0.0,0.0,0.0,0,0,0,0.0,0.0,0.0,0.0,0.0,100.0,2025-08-10T07:03:42.092100
0.0,0.0,0.0,0.0,0,0,0.035593965030155765,0.0,0.0,0.0,0.0,0.0,100.0,2025-08-10T07:08:42.092100
0.0,0.0,0.0,0.0,0,0,0.030015229556549065,0.0,0.0,0.0,0.0,0.0,100.0,2025-08-10T07:13:42.092100
6.976630615266408,0.0,0.0,0.0,0.8605792708860192,0,0.15164158964190755,0.0,0.0,0.0,0.0,0.0,100.0,2025-08-10T07:18:42.092100
0.0,0.0,0.0,0.0,0,0,0,0.0,0.0,0.0,0.0,0.0,100.0,2025-08-10T07:23:42.092100
0.0,0.0,0.0,0.0,0,0,0,0.0,0.0,0.0,0.0,0.0,100.0,2025-08-10T07:28:42.092100
0.0,0.0,0.0,0.0,0,0,0,0.0,0.8171192003418647,0.0,0.0,0.0,100.0,2025-08-10T07:33:42.092100
0.0,0.0,0.0,0.0,0,0,0.0824519485302752,0.0,0.0,0.0,0.0,0.0,100.0,2025-08-10T07:38:42.092100
4.451481953915894,0.0,0.0,0.0,0,0,0,0.0,2.3669859949488923,0.0,0.0,0.0,100.0,2025-08-10T07:43:42.092100
86.02041374986422,0.0,0.0,99.23703794174594,0.937258908763256,1,4.859398491513593,0.0,88.36229829336344,0.0,0.0,0.0,1128.3487412576421,2025-08-10T07:48:42.092100
0.0,0.0,0.0,0.0,0,0,0.18578816397159198,0.0,0.0,0.0,0.0,0.0,100.0,2025-08-10T07:53:42.092100
0.0,0.0,0.0,0.0,0.8361302513420362,0,0,0.0,0.0,0.0,0.0,0.0,100.0,2025-08-10T07:58:42.092100
0.0,0.0,0.0,0.0,0.6391993053166138,0,0,0.0,1.1309232502968543,0.0,0.0,0.0,100.0,2025-08-10T08:03:42.092100
0.0,0.0,0.0,0.0,0.6018769097816948,0,0.17214111539223187,0.0,2.5148403839581213,0.0,0.0,0.0,100.0,2025-08-10T08:08:42.092100
2.5300792377817873,0.0,0.0,0.0,0.674508698662733,0,0,0.0,2.498117122116849,0.0,0.0,0.0,100.0,2025-08-10T08:13:42.092100
0.0,0.0,0.0,0.0,0,0,0,0.0,0.0,0.0,0.0,0.0,100.0,2025-08-10T08:18:42.092100
4.788007859833501,0.0,0.0,0.0,0.1729084554760581,0,0,0.0,1.1205578566088772,0.0,0.0,0.0,100.0,2025-08-10T08:23:42.092100
0.0,0.0,0.0,0.0,0,0,0,0.0,5.604608836658642,0.0,0.0,0.0,100.0,2025-08-10T08:28:42.092100
5.729424426242326,0.0,0.0,0.0,0,0,0.06406881261776388,0.0,0.0,0.0,0.0,0.0,100.0,2025-08-10T08:33:42.092100
0.0,0.0,0.0,0.0,0,0,0,0.0,0.0,0.0,0.0,0.0,100.0,2025-08-10T08:38:42.092100
0.0,0.0,0.0,0.0,0,0,0.03571981098621349,0.0,0.0,0.0,0.0,0.0,100.0,2025-08-10T08:43:42.092100
0.0,0.0,0.0,0.0,0,0,0,0.0,0.0,0.0,0.0,0.0,100.0,2025-08-10T08:48:42.092100
88.56286913426617,0.0,0.0,90.27114267844655,0.8695047352969304,1,2.9380588060070356,0.0,88.19288518544238,0.0,0.0,0.0,1207.7103284050158,2025-08-10T08:53:42.092100
0.0,0.0,0.0,0.0,0.5472588347944229,0,0.0027219772243441244,0.0,1.7111777257507605,0.0,0.0,0.0,100.0,2025-08-10T08:58:42.092100
0.0,0.0,0.0,0.0,0,0,0,0.0,0.0,0.0,0.0,0.0,100.0,2025-08-10T09:03:42.092100
0.0,0.0,0.0,0.0,0,0,0,0.0,0.0,0.0,0.0,0.0,100.0,2025-08-10T09:08:42.092100
6.756589669569305,0.0,0.0,0.0,0,0,0.1537488257705248,0.0,2.500955505774202,0.0,0.0,0.0,100.0,2025-08-10T09:13:42.092100
0.0,0.0,0.0,0.0,0,0,0.09176809654039159,0.0,3.224911295128173,0.0,0.0,0.0,100.0,2025-08-10T09:18:42.092100
0.0,0.0,0.0,0.0,0.9209920221485647,0,0,0.0,0.0,0.0,0.0,0.0,100.0,2025-08-10T09:23:42.092100
86.10961301339314,0.0,0.0,76.54817472710657,0.8965381009837042,1,4.410479599316329,0.0,85.63728413829637,0.0,0.0,0.0,1647.6309572135194,2025-08-10T09:28:42.092100
0.0,0.0,0.0,0.0,0.7512739064399913,0,0.09995252403060044,0.0,0.0,0.0,0.0,0.0,100.0,2025-08-10T09:33:42.092100
0.0,0.0,0.0,0.0,0,0,0,0.0,4.0958427898870315,0.0,0.0,0.0,100.0,2025-08-10T09:38:42.092100
3.220760709298952,0.0,0.0,0.0,0,0,0.19505912082267007,0.0,0.41481133354512545,0.0,0.0,0.0,100.0,2025-08-10T09:43:42.092100
0.0,0.0,0.0,0.0,0.8648791488481901,0,0,0.0,0.0,0.0,0.0,0.0,100.0,2025-08-10T09:48:42.092100
7.707175723157498,0.0,0.0,0.0,0,0,0.15909954838911067,0.0,5.524470754489807,0.0,0.0,0.0,100.0,2025-08-10T09:53:42.092100
6.6999333783744035,0.0,0.0,0.0,0,0,0.02067656475839526,0.0,1.1051908092019032,0.0,0.0,0.0,100.0,2025-08-10T09:58:42.092100
0.0,0.0,0.0,0.0,0.5431717683250749,0,0,0.0,0.977494426722922,0.0,0.0,0.0,100.0,2025-08-10T10:03:42.092100
0.0,0.0,0.0,0.0,0,0,0,0.0,5.58212807800666,0.0,0.0,0.0,100.0,2025-08-10T10:08:42.092100
0.0,0.0,0.0,0.0,0,0,0,0.0,0.0,0.0,0.0,0.0,100.0,2025-08-10T10:13:42.092100
0.0,0.0,0.0,0.0,0.7219858928731885,0,0.04389308390095086,0.0,0.0,0.0,0.0,0.0,100.0,2025-08-10T10:18:42.092100
2.0873858036962627,0.0,0.0,0.0,0,0,0,0.0,0.0,0.0,0.0,0.0,100.0,2025-08-10T10:23:42.092100
2.0416433417069015,0.0,0.0,0.0,0,0,0.10876598741003199,0.0,4.1634757964425555,0.0,0.0,0.0,100.0,2025-08-10T10:28:42.092100
0.0,0.0,0.0,0.0,0,0,0.006509322818038291,0.0,0.0,0.0,0.0,0.0,100.0,2025-08-10T10:33:42.092100
0.0,0.0,0.0,0.0,0,0,0,0.0,0.0,0.0,0.0,0.0,100.0,2025-08-10T10:38:42.092100
0.0,0.0,0.0,0.0,0.9078821066461592,0,0,0.0,0.0,0.0,0.0,0.0,100.0,2025-08-10T10:43:42.092100
0.0,0.0,0.0,0.0,0.35386169550472313,0,0,0.0,0.0,0.0,0.0,0.0,100.0,2025-08-10T10:48:42.092100
0.0,0.0,0.0,0.0,0,0,0,0.0,0.0,0.0,0.0,0.0,100.0,2025-08-10T10:53:42.092100
0.0,0.0,0.0,0.0,0,0,0,0.0,0.0,0.0,0.0,0.0,100.0,2025-08-10T10:58:42.092100
0.0,0.0,0.0,0.0,0,0,0,0.0,2.4736910025350025,0.0,0.0,0.0,100.0,2025-08-10T11:03:42.092100
6.835057898582199,0.0,0.0,0.0,0,0,0,0.0,0.0,0.0,0.0,0.0,100.0,2025-08-10T11:08:42.092100
0.0,0.0,0.0,0.0,0,0,0,0.0,0.0,0.0,0.0,0.0,100.0,2025-08-10T11:13:42.092100
0.0,0.0,0.0,0.0,0.9306650660173456,0,0.0791982376910472,0.0,0.0,0.0,0.0,0.0,100.0,2025-08-10T11:18:42.092100
0.0,0.0,0.0,0.0,0.20666419152461085,0,0,0.0,3.642014949978926,0.0,0.0,0.0,100.0,2025-08-10T11:23:42.092100
0.0,0.0,0.0,0.0,0.12057404830638126,0,0,0.0,4.080412096502356,0.0,0.0,0.0,100.0,2025-08-10T11:28:42.092100
0.0,0.0,0.0,0.0,0,0,0,0.0,5.43223193540691,0.0,0.0,0.0,100.0,2025-08-10T11:33:42.092100
0.0,0.0,0.0,0.0,0.09570778427373135,0,0,0.0,0.0,0.0,0.0,0.0,100.0,2025-08-10T11:38:42.092100
4.1672864494454895,0.0,0.0,0.0,0,0,0.1837892789179318,0.0,0.0,0.0,0.0,0.0,100.0,2025-08-10T11:43:42.092100
0.0,0.0,0.0,0.0,0,0,0.04316793346445912,0.0,0.0,0.0,0.0,0.0,100.0,2025-08-10T11:48:42.092100
0.0,0.0,0.0,0.0,0.4975375008389721,0,0,0.0,0.0,0.0,0.0,0.0,100.0,2025-08-10T11:53:42.092100
0.0,0.0,0.0,0.0,0.7482314771975588,0,0,0.0,0.0,0.0,0.0,0.0,100.0,2025-08-10T11:58:42.092100
0.0,0.0,0.0,0.0,0,0,0,0.0,5.682890551703182,0.0,0.0,0.0,100.0,2025-08-10T12:03:42.092100
0.0,0.0,0.0,0.0,0.3361053169602925,0,0,0.0,0.0,0.0,0.0,0.0,100.0,2025-08-10T12:08:42.092100
0.0,0.0,0.0,0.0,0,0,0,0.0,0.0,0.0,0.0,0.0,100.0,2025-08-10T12:13:42.092100
0.0,0.0,0.0,0.0,0.35106892119491034,0,0,0.0,3.0401131097082934,0.0,0.0,0.0,100.0,2025-08-10T12:18:42.092100
6.244745060522572,0.0,0.0,0.0,0.1656396334948772,0,0,0.0,0.0,0.0,0.0,0.0,100.0,2025-08-10T12:23:42.092100
0.569093972381199,0.0,0.0,0.0,0,0,0,0.0,0.0,0.0,0.0,0.0,100.0,2025-08-10T12:28:42.092100
0.0,0.0,0.0,0.0,0,0,0,0.0,2.3204882936379327,0.0,0.0,0.0,100.0,2025-08-10T12:33:42.092100
6.4556856272214285,0.0,0.0,0.0,0,0,0.10394913521672815,0.0,0.0,0.0,0.0,0.0,100.0,2025-08-10T12:38:42.092100
3.0420849748111833,0.0,0.0,0.0,0,0,0,0.0,0.5495396945328693,0.0,0.0,0.0,100.0,2025-08-10T12:43:42.092100
0.0,0.0,0.0,0.0,0,0,0,0.0,0.0,0.0,0.0,0.0,100.0,2025-08-10T12:48:42.092100
0.0,0.0,0.0,0.0,0,0,0,0.0,0.0,0.0,0.0,0.0,100.0,2025-08-10T12:53:42.092100
0.9842372934489811,0.0,0.0,0.0,0,0,0,0.0,0.0,0.0,0.0,0.0,100.0,2025-08-10T12:58:42.092100
0.0,0.0,0.0,0.0,0,0,0,0.0,0.0,0.0,0.0,0.0,100.0,2025-08-10T13:03:42.092100
0.0,0.0,0.0,0.0,0,0,0,0.0,0.0,0.0,0.0,0.0,100.0,2025-08-10T13:08:42.092100
3.260458149112685,0.0,0.0,0.0,0.9248257625711556,0,0.07374475675223383,0.0,5.612108935540491,0.0,0.0,0.0,100.0,2025-08-10T13:13:42.092100
0.0,0.0,0.0,0.0,0,0,0,0.0,0.0,0.0,0.0,0.0,100.0,2025-08-10T13:18:42.092100
0.0,0.0,0.0,0.0,0,0,0.0761026132500724,0.0,0.2967738523617438,0.0,0.0,0.0,100.0,2025-08-10T13:23:42.092100
0.0,0.0,0.0,0.0,0,0,0,0.0,0.0,0.0,0.0,0.0,100.0,2025-08-10T13:28:42.092100
0.0,0.0,0.0,0.0,0,0,0,0.0,0.0,0.0,0.0,0.0,100.0,2025-08-10T13:33:42.092100
0.0,0.0,0.0,0.0,0.6158064396149323,0,0,0.0,0.19780970574462084,0.0,0.0,0.0,100.0,2025-08-10T13:38:42.092100
0.0,0.0,0.0,0.0,0,0,0,0.0,1.3712127630345068,0.0,0.0,0.0,100.0,2025-08-10T13:43:42.092100
0.0,0.0,0.0,0.0,0,0,0.06862054260920426,0.0,0.0,0.0,0.0,0.0,100.0,2025-08-10T13:48:42.092100
7.952194863133281,0.0,0.0,0.0,0,0,0,0.0,0.0,0.0,0.0,0.0,100.0,2025-08-10T13:53:42.092100
0.0,0.0,0.0,0.0,0.7240665480379554,0,0,0.0,0.0,0.0,0.0,0.0,100.0,2025-08-10T13:58:42.092100
0.0,0.0,0.0,0.0,0,0,0.14552523392322403,0.0,0.0,0.0,0.0,0.0,100.0,2025-08-10T14:03:42.092100
5.1531681397457945,0.0,0.0,0.0,0,0,0.07076150012744119,0.0,0.0,0.0,0.0,0.0,100.0,2025-08-10T14:08:42.092100
0.0,0.0,0.0,0.0,0,0,0.03757862493278314,0.0,0.0,0.0,0.0,0.0,100.0,2025-08-10T14:13:42.092100
0.0,0.0,0.0,0.0,0.052472789390597754,0,0,0.0,0.0,0.0,0.0,0.0,100.0,2025-08-10T14:18:42.092100
0.0,0.0,0.0,0.0,0,0,0.15198712817651916,0.0,0.0,0.0,0.0,0.0,100.0,2025-08-10T14:23:42.092100
0.0,0.0,0.0,0.0,0.6430352766458278,0,0,0.0,3.3174688574745392,0.0,0.0,0.0,100.0,2025-08-10T14:28:42.092100
0.0,0.0,0.0,0.0,0,0,0.1514636867091533,0.0,0.0,0.0,0.0,0.0,100.0,2025-08-10T14:33:42.092100
0.0,0.0,0.0,0.0,0,0,0,0.0,0.9294222364803636,0.0,0.0,0.0,100.0,2025-08-10T14:38:42.092100
0.0,0.0,0.0,0.0,0,0,0,0.0,3.909993305173415,0.0,0.0,0.0,100.0,2025-08-10T14:43:42.092100
0.0,0.0,0.0,0.0,0.514979604949063,0,0,0.0,0.0,0.0,0.0,0.0,100.0,2025-08-10T14:48:42.092100
0.0,0.0,0.0,0.0,0,0,0,0.0,0.0,0.0,0.0,0.0,100.0,2025-08-10T14:53:42.092100
2.107582844226708,0.0,0.0,0.0,0,0,0.10984411455638,0.0,0.0,0.0,0.0,0.0,100.0,2025-08-10T14:58:42.092100
2.9878962894133347,0.0,0.0,0.0,0,0,0.07746740148145263,0.0,0.0,0.0,0.0,0.0,100.0,2025-08-10T15:03:42.092100
0.0,0.0,0.0,0.0,0.3571622064980759,0,0,0.0,0.0,0.0,0.0,0.0,100.0,2025-08-10T15:08:42.092100
0.0,0.0,0.0,0.0,0,0,0,0.0,0.0,0.0,0.0,0.0,100.0,2025-08-10T15:13:42.092100
6.583535581019682,0.0,0.0,0.0,0.07938677216805984,0,0,0.0,0.0,0.0,0.0,0.0,100.0,2025-08-10T15:18:42.092100
7.9295624261273385,0.0,0.0,0.0,0,0,0,0.0,0.0,0.0,0.0,0.0,100.0,2025-08-10T15:23:42.092100
0.0,0.0,0.0,0.0,0,0,0,0.0,0.0,0.0,0.0,0.0,100.0,2025-08-10T15:28:42.092100
0.0,0.0,0.0,0.0,0,0,0,0.0,4.633958453763985,0.0,0.0,0.0,100.0,2025-08-10T15:33:42.092100
0.5391875939028199,0.0,0.0,0.0,0,0,0,0.0,0.0,0.0,0.0,0.0,100.0,2025-08-10T15:38:42.092100
0.0,0.0,0.0,0.0,0,0,0,0.0,0.0,0.0,0.0,0.0,100.0,2025-08-10T15:43:42.092100
0.0,0.0,0.0,0.0,0,0,0,0.0,0.0,0.0,0.0,0.0,100.0,2025-08-10T15:48:42.092100
6.839959247182257,0.0,0.0,0.0,0,0,0.17885675190277317,0.0,0.0,0.0,0.0,0.0,100.0,2025-08-10T15:53:42.092100
0.6410739387233841,0.0,0.0,0.0,0.12895649894601127,0,0.1488754335935798,0.0,0.0,0.0,0.0,0.0,100.0,2025-08-10T15:58:42.092100
0.0,0.0,0.0,0.0,0,0,0,0.0,4.605620412803726,0.0,0.0,0.0,100.0,2025-08-10T16:03:42.092100
0.0,0.0,0.0,0.0,0,0,0.1501175944090995,0.0,4.496057035224715,0.0,0.0,0.0,100.0,2025-08-10T16:08:42.092100
0.0,0.0,0.0,0.0,0,0,0.05565028922172444,0.0,0.0,0.0,0.0,0.0,100.0,2025-08-10T16:13:42.092100
0.0,0.0,0.0,0.0,0,0,0.0442370678767187,0.0,0.0,0.0,0.0,0.0,100.0,2025-08-10T16:18:42.092100
0.0,0.0,0.0,0.0,0,0,0,0.0,0.0,0.0,0.0,0.0,100.0,2025-08-10T16:23:42.092100
0.0,0.0,0.0,0.0,0,0,0,0.0,2.0595583186012925,0.0,0.0,0.0,100.0,2025-08-10T16:28:42.092100
0.0,0.0,0.0,0.0,0,0,0.19552568406181922,0.0,0.0,0.0,0.0,0.0,100.0,2025-08-10T16:33:42.092100
0.0,0.0,0.0,0.0,0,0,0.04112739175908957,0.0,0.0,0.0,0.0,0.0,100.0,2025-08-10T16:38:42.092100
0.0,0.0,0.0,0.0,0,0,0,0.0,0.1949596491932533,0.0,0.0,0.0,100.0,2025-08-10T16:43:42.092100
0.0,0.0,0.0,0.0,0,0,0,0.0,0.0,0.0,0.0,0.0,100.0,2025-08-10T16:48:42.092100
5.082533879500371,0.0,0.0,0.0,0,0,0.06667733655589982,0.0,0.0,0.0,0.0,0.0,100.0,2025-08-10T16:53:42.092100
3.127590771561078,0.0,0.0,0.0,0,0,0.13174828897582389,0.0,0.0,0.0,0.0,0.0,100.0,2025-08-10T16:58:42.092100
0.0,0.0,0.0,0.0,0,0,0,0.0,0.0,0.0,0.0,0.0,100.0,2025-08-10T17:03:42.092100
0.0,0.0,0.0,0.0,0.35436696169372905,0,0,0.0,0.0,0.0,0.0,0.0,100.0,2025-08-10T17:08:42.092100
0.0,0.0,0.0,0.0,0,0,0.03121479580580481,0.0,0.0,0.0,0.0,0.0,100.0,2025-08-10T17:13:42.092100
0.0,0.0,0.0,0.0,0,0,0,0.0,0.0,0.0,0.0,0.0,100.0,2025-08-10T17:18:42.092100
1.528589611394379,0.0,0.0,0.0,0,0,0,0.0,0.0,0.0,0.0,0.0,100.0,2025-08-10T17:23:42.092100
0.0,0.0,0.0,0.0,0,0,0,0.0,0.0,0.0,0.0,0.0,100.0,2025-08-10T17:28:42.092100
0.0,0.0,0.0,0.0,0.30120271244458696,0,0.1888279062092247,0.0,0.0,0.0,0.0,0.0,100.0,2025-08-10T17:33:42.092100
0.0,0.0,0.0,0.0,0,0,0.07024595612676619,0.0,0.0,0.0,0.0,0.0,100.0,2025-08-10T17:38:42.092100
0.0,0.0,0.0,0.0,0,0,0.0842371070276992,0.0,0.0,0.0,0.0,0.0,100.0,2025-08-10T17:43:42.092100
7.176719284237693,0.0,0.0,0.0,0,0,0,0.0,0.0,0.0,0.0,0.0,100.0,2025-08-10T17:48:42.092100
0.0,0.0,0.0,0.0,0,0,0,0.0,0.0,0.0,0.0,0.0,100.0,2025-08-10T17:53:42.092100
0.0,0.0,0.0,0.0,0.41725077349724454,0,0,0.0,0.0,0.0,0.0,0.0,100.0,2025-08-10T17:58:42.092100
0.0,0.0,0.0,0.0,0.8595263206924487,0,0,0.0,0.0,0.0,0.0,0.0,100.0,2025-08-10T18:03:42.092100
0.0,0.0,0.0,0.0,0,0,0,0.0,0.0,0.0,0.0,0.0,100.0,2025-08-10T18:08:42.092100
0.0,0.0,0.0,0.0,0.17407342035322723,0,0.1994106432012866,0.0,0.0,0.0,0.0,0.0,100.0,2025-08-10T18:13:42.092100
0.0,0.0,0.0,0.0,0.7777479710721548,0,0.018821211945144554,0.0,0.0,0.0,0.0,0.0,100.0,2025-08-10T18:18:42.092100
0.0,0.0,0.0,0.0,0,0,0,0.0,0.0,0.0,0.0,0.0,100.0,2025-08-10T18:23:42.092100
3.2154767592428093,0.0,0.0,0.0,0,0,0,0.0,0.0,0.0,0.0,0.0,100.0,2025-08-10T18:28:42.092100
0.0,0.0,0.0,0.0,0.6556102547269385,0,0,0.0,0.0,0.0,0.0,0.0,100.0,2025-08-10T18:33:42.092100
0.0,0.0,0.0,0.0,0.39805689392736704,0,0.06710327352585967,0.0,0.0,0.0,0.0,0.0,100.0,2025-08-10T18:38:42.092100
0.0,0.0,0.0,0.0,0,0,0.16426398017330934,0.0,0.0,0.0,0.0,0.0,100.0,2025-08-10T18:43:42.092100
0.0,0.0,0.0,0.0,0,0,0.0885244060618731,0.0,0.0,0.0,0.0,0.0,100.0,2025-08-10T18:48:42.092100
0.0,0.0,0.0,0.0,0.579088747096879,0,0,0.0,0.0,0.0,0.0,0.0,100.0,2025-08-10T18:53:42.092100
0.0,0.0,0.0,0.0,0,0,0,0.0,0.0,0.0,0.0,0.0,100.0,2025-08-10T18:58:42.092100
0.0,0.0,0.0,0.0,0.959936569643872,0,0,0.0,4.892060200701235,0.0,0.0,0.0,100.0,2025-08-10T19:03:42.092100
0.0,0.0,0.0,0.0,0,0,0.06291201259203857,0.0,0.0,0.0,0.0,0.0,100.0,2025-08-10T19:08:42.092100
0.0,0.0,0.0,0.0,0.1938866735799216,0,0,0.0,0.0,0.0,0.0,0.0,100.0,2025-08-10T19:13:42.092100
1.5348315496670002,0.0,0.0,0.0,0,0,0,0.0,4.683348965062069,0.0,0.0,0.0,100.0,2025-08-10T19:18:42.092100
0.0,0.0,0.0,0.0,0,0,0,0.0,5.16131817625778,0.0,0.0,0.0,100.0,2025-08-10T19:23:42.092100
0.0,0.0,0.0,0.0,0.2192692144622985,0,0,0.0,0.0,0.0,0.0,0.0,100.0,2025-08-10T19:28:42.092100
4.2201989318307485,0.0,0.0,0.0,0,0,0.10577359436540267,0.0,3.753853710081497,0.0,0.0,0.0,100.0,2025-08-10T19:33:42.092100
0.0,0.0,0.0,0.0,0.9287263167655241,0,0.19184220914200215,0.0,0.0,0.0,0.0,0.0,100.0,2025-08-10T19:38:42.092100
0.0,0.0,0.0,0.0,0,0,0,0.0,5.054854039667653,0.0,0.0,0.0,100.0,2025-08-10T19:43:42.092100
0.0,0.0,0.0,0.0,0,0,0,0.0,0.0,0.0,0.0,0.0,100.0,2025-08-10T19:48:42.092100
0.0,0.0,0.0,0.0,0,0,0,0.0,3.4532885606321337,0.0,0.0,0.0,100.0,2025-08-10T19:53:42.092100
0.0,0.0,0.0,0.0,0.3283722486600533,0,0.07426955636741348,0.0,0.0,0.0,0.0,0.0,100.0,2025-08-10T19:58:42.092100
0.0,0.0,0.0,0.0,0,0,0,0.0,0.0,0.0,0.0,0.0,100.0,2025-08-10T20:03:42.092100
0.0,0.0,0.0,0.0,0,0,0,0.0,0.0,0.0,0.0,0.0,100.0,2025-08-10T20:08:42.092100
0.0,0.0,0.0,0.0,0,0,0,0.0,4.519062466135131,0.0,0.0,0.0,100.0,2025-08-10T20:13:42.092100
0.0,0.0,0.0,0.0,0,0,0.025208583390596322,0.0,0.0,0.0,0.0,0.0,100.0,2025-08-10T20:18:42.092100
0.0,0.0,0.0,0.0,0,0,0,0.0,3.810737478521474,0.0,0.0,0.0,100.0,2025-08-10T20:23:42.092100
0.0,0.0,0.0,0.0,0.08363589787068541,0,0.09292494410389217,0.0,0.0,0.0,0.0,0.0,100.0,2025-08-10T20:28:42.092100
0.0,0.0,0.0,0.0,0,0,0,0.0,2.7512267675563686,0.0,0.0,0.0,100.0,2025-08-10T20:33:42.092100
0.0,0.0,0.0,0.0,0,0,0,0.0,0.0,0.0,0.0,0.0,100.0,2025-08-10T20:38:42.092100
0.0,0.0,0.0,0.0,0,0,0.18130998996324826,0.0,1.0136525740123474,0.0,0.0,0.0,100.0,2025-08-10T20:43:42.092100
2.9781798220992672,0.0,0.0,0.0,0.6171955904619395,0,0.10879134540178945,0.0,0.0,0.0,0.0,0.0,100.0,2025-08-10T20:48:42.092100
3.4743186342480854,0.0,0.0,0.0,0,0,0,0.0,3.27143176352003,0.0,0.0,0.0,100.0,2025-08-10T20:53:42.092100
0.0,0.0,0.0,0.0,0,0,0,0.0,0.6636180301802824,0.0,0.0,0.0,100.0,2025-08-10T20:58:42.092100
0.0,0.0,0.0,0.0,0,0,0,0.0,5.722876636252597,0.0,0.0,0.0,100.0,2025-08-10T21:03:42.092100
0.0,0.0,0.0,0.0,0,0,0.1648746892046246,0.0,2.796002350175479,0.0,0.0,0.0,100.0,2025-08-10T21:08:42.092100
0.0,0.0,0.0,0.0,0.3191484126365452,0,0,0.0,0.0,0.0,0.0,0.0,100.0,2025-08-10T21:13:42.092100
0.0,0.0,0.0,0.0,0,0,0,0.0,0.3267587219676662,0.0,0.0,0.0,100.0,2025-08-10T21:18:42.092100
0.0,0.0,0.0,0.0,0,0,0.010654025473437717,0.0,0.0,0.0,0.0,0.0,100.0,2025-08-10T21:23:42.092100
1.483981137033506,0.0,0.0,0.0,0.13318006627885848,0,0,0.0,2.378074134792421,0.0,0.0,0.0,100.0,2025-08-10T21:28:42.092100
0.0,0.0,0.0,0.0,0,0,0,0.0,0.0,0.0,0.0,0.0,100.0,2025-08-10T21:33:42.092100
4.217787247152923,0.0,0.0,0.0,0,0,0.0020529676305386458,0.0,0.9198649723130747,0.0,0.0,0.0,100.0,2025-08-10T21:38:42.092100
6.402181755143718,0.0,0.0,0.0,0,0,0.12925023829603113,0.0,0.0,0.0,0.0,0.0,100.0,2025-08-10T21:43:42.092100
0.0,0.0,0.0,0.0,0,0,0,0.0,0.0,0.0,0.0,0.0,100.0,2025-08-10T21:48:42.092100
0.7933403226586634,0.0,0.0,0.0,0.4200089007037358,0,0,0.0,2.8732526290531806,0.0,0.0,0.0,100.0,2025-08-10T21:53:42.092100
0.0,0.0,0.0,0.0,0,0,0,0.0,0.0,0.0,0.0,0.0,100.0,2025-08-10T21:58:42.092100
0.0,0.0,0.0,0.0,0.39092409941334766,0,0.040788273599409716,0.0,0.0,0.0,0.0,0.0,100.0,2025-08-10T22:03:42.092100
0.0,0.0,0.0,0.0,0,0,0.11521874697247377,0.0,0.5752961026700552,0.0,0.0,0.0,100.0,2025-08-10T22:08:42.092100
3.3420148301160295,0.0,0.0,0.0,0,0,0.015390245024823543,0.0,0.0,0.0,0.0,0.0,100.0,2025-08-10T22:13:42.092100
0.0,0.0,0.0,0.0,0,0,0,0.0,0.6309140047506494,0.0,0.0,0.0,100.0,2025-08-10T22:18:42.092100
0.0,0.0,0.0,0.0,0,0,0.14061747457309914,0.0,0.0,0.0,0.0,0.0,100.0,2025-08-10T22:23:42.092100
3.8397154669931934,0.0,0.0,0.0,0.9825125337452416,0,0.0731365682328034,0.0,2.05079172003643,0.0,0.0,0.0,100.0,2025-08-10T22:28:42.092100
0.0,0.0,0.0,0.0,0,0,0,0.0,0.0,0.0,0.0,0.0,100.0,2025-08-10T22:33:42.092100
0.0,0.0,0.0,0.0,0.26922788010835236,0,0,0.0,0.0,0.0,0.0,0.0,100.0,2025-08-10T22:38:42.092100
0.0,0.0,0.0,0.0,0.7881271454735584,0,0,0.0,2.905078333754504,0.0,0.0,0.0,100.0,2025-08-10T22:43:42.092100
0.0,0.0,0.0,0.0,0,0,0,0.0,2.0234142860841073,0.0,0.0,0.0,100.0,2025-08-10T22:48:42.092100
0.0,0.0,0.0,0.0,0.03372915895895547,0,0.1894868655689488,0.0,5.289961315498294,0.0,0.0,0.0,100.0,2025-08-10T22:53:42.092100
0.0,0.0,0.0,0.0,0.6174865444578795,0,0,0.0,0.0,0.0,0.0,0.0,100.0,2025-08-10T22:58:42.092100
0.0,0.0,0.0,0.0,0,0,0.11232566314457403,0.0,5.755375863566656,0.0,0.0,0.0,100.0,2025-08-10T23:03:42.092100
2.1686132184920894,0.0,0.0,0.0,0.16257185163699547,0,0,0.0,3.3782199886230386,0.0,0.0,0.0,100.0,2025-08-10T23:08:42.092100
0.0,0.0,0.0,0.0,0,0,0,0.0,5.074108980763792,0.0,0.0,0.0,100.0,2025-08-10T23:13:42.092100
0.0,0.0,0.0,0.0,0.2471735032172521,0,0,0.0,0.0,0.0,0.0,0.0,100.0,2025-08-10T23:18:42.092100
0.0,0.0,0.0,0.0,0.2402398235221,0,0,0.0,0.0,0.0,0.0,0.0,100.0,2025-08-10T23:23:42.092100
7.141777279735606,0.0,0.0,0.0,0.7156476074717136,0,0,0.0,0.0,0.0,0.0,0.0,100.0,2025-08-10T23:28:42.092100
0.0,0.0,0.0,0.0,0,0,0,0.0,1.5925437357411834,0.0,0.0,0.0,100.0,2025-08-10T23:33:42.092100
0.0,0.0,0.0,0.0,0,0,0.1467320510708713,0.0,0.0,0.0,0.0,0.0,100.0,2025-08-10T23:38:42.092100
0.0,0.0,0.0,0.0,0,0,0,0.0,0.0,0.0,0.0,0.0,100.0,2025-08-10T23:43:42.092100
3.6230134267192913,0.0,0.0,0.0,0,0,0,0.0,0.0,0.0,0.0,0.0,100.0,2025-08-10T23:48:42.092100
1.4127608424914915,0.0,0.0,0.0,0,0,0,0.0,0.0,0.0,0.0,0.0,100.0,2025-08-10T23:53:42.092100
0.0,0.0,0.0,0.0,0,0,0,0.0,0.0,0.0,0.0,0.0,100.0,2025-08-10T23:58:42.092100
0.0,0.0,0.0,0.0,0,0,0.06301394662944,0.0,0.0,0.0,0.0,0.0,100.0,2025-08-11T00:03:42.092100
0.0,0.0,0.0,0.0,0,0,0,0.0,0.0,0.0,0.0,0.0,100.0,2025-08-11T00:08:42.092100
0.0,0.0,0.0,0.0,0,0,0.1837698224678432,0.0,0.0,0.0,0.0,0.0,100.0,2025-08-11T00:13:42.092100
7.141149575095874,0.0,0.0,0.0,0,0,0.07753710522297493,0.0,0.0,0.0,0.0,0.0,100.0,2025-08-11T00:18:42.092100
0.0,0.0,0.0,0.0,0.3857770008418493,0,0,0.0,0.0,0.0,0.0,0.0,100.0,2025-08-11T00:23:42.092100
83.77480638629663,0.0,0.0,62.28962653251595,0.8288976889896128,1,3.608521002442509,0.0,87.86815663769418,0.0,0.0,0.0,1435.3013060440248,2025-08-11T00:28:42.092100
0.0,0.0,0.0,0.0,0,0,0.18620401479630116,0.0,0.0,0.0,0.0,0.0,100.0,2025-08-11T00:33:42.092100
0.0,0.0,0.0,0.0,0,0,0,0.0,0.0,0.0,0.0,0.0,100.0,2025-08-11T00:38:42.092100
0.0,0.0,0.0,0.0,0,0,0.1760793203241733,0.0,0.0,0.0,0.0,0.0,100.0,2025-08-11T00:43:42.092100
0.0,0.0,0.0,0.0,0,0,0,0.0,0.0,0.0,0.0,0.0,100.0,2025-08-11T00:48:42.092100
0.0,0.0,0.0,0.0,0,0,0.10105539840629651,0.0,0.0,0.0,0.0,0.0,100.0,2025-08-11T00:53:42.092100
0.0,0.0,0.0,0.0,0.43226386996690924,0,0.08512961027490623,0.0,0.0,0.0,0.0,0.0,100.0,2025-08-11T00:58:42.092100
0.0,0.0,0.0,0.0,0.9570531241075357,0,0,0.0,2.9655230900117298,0.0,0.0,0.0,100.0,2025-08-11T01:03:42.092100
0.0,0.0,0.0,0.0,0.7614987861275823,0,0.17918275805205525,0.0,0.0,0.0,0.0,0.0,100.0,2025-08-11T01:08:42.092100
0.0,0.0,0.0,0.0,0,0,0,0.0,3.2568943783863546,0.0,0.0,0.0,100.0,2025-08-11T01:13:42.092100
0.0,0.0,0.0,0.0,0.16498374260466517,0,0,0.0,5.92642591540052,0.0,0.0,0.0,100.0,2025-08-11T01:18:42.092100
84.60317469939746,0.0,0.0,79.49649917339218,0.8112104234455161,1,4.010846369490194,0.0,87.36262270996168,0.0,0.0,0.0,1943.0207041678045,2025-08-11T01:23:42.092100
0.0,0.0,0.0,0.0,0.43006888734631465,0,0,0.0,0.0,0.0,0.0,0.0,100.0,2025-08-11T01:28:42.092100
6.292935362786707,0.0,0.0,0.0,0.6748854161492126,0,0.07558771989607112,0.0,5.026345804245162,0.0,0.0,0.0,100.0,2025-08-11T01:33:42.092100
0.0,0.0,0.0,0.0,0.5335077707546105,0,0,0.0,0.0,0.0,0.0,0.0,100.0,2025-08-11T01:38:42.092100
0.0,0.0,0.0,0.0,0,0,0,0.0,0.0,0.0,0.0,0.0,100.0,2025-08-11T01:43:42.092100
1.2484936398076338,0.0,0.0,0.0,0.23020132790617223,0,0,0.0,0.0,0.0,0.0,0.0,100.0,2025-08-11T01:48:42.092100
0.0,0.0,0.0,0.0,0.9015162960500817,0,0,0.0,1.5541337135165114,0.0,0.0,0.0,100.0,2025-08-11T01:53:42.092100
7.643636112455413,0.0,0.0,0.0,0,0,0.04576855871886924,0.0,0.44373659308454927,0.0,0.0,0.0,100.0,2025-08-11T01:58:42.092100
3.839330476317002,0.0,0.0,0.0,0.38208707858615404,0,0,0.0,0.0,0.0,0.0,0.0,100.0,2025-08-11T02:03:42.092100
0.8807187742104732,0.0,0.0,0.0,0,0,0,0.0,4.919806085054647,0.0,0.0,0.0,100.0,2025-08-11T02:08:42.092100
0.0,0.0,0.0,0.0,0,0,0,0.0,0.0,0.0,0.0,0.0,100.0,2025-08-11T02:13:42.092100
0.0,0.0,0.0,0.0,0,0,0,0.0,0.0,0.0,0.0,0.0,100.0,2025-08-11T02:18:42.092100
0.0,0.0,0.0,0.0,0,0,0,0.0,1.832752432519884,0.0,0.0,0.0,100.0,2025-08-11T02:23:42.092100
0.0,0.0,0.0,0.0,0.12475365902327755,0,0,0.0,4.562993617262923,0.0,0.0,0.0,100.0,2025-08-11T02:28:42.092100
0.0,0.0,0.0,0.0,0.6848096089700428,0,0,0.0,0.0,0.0,0.0,0.0,100.0,2025-08-11T02:33:42.092100
90.8878073133836,0.0,0.0,86.37445930084621,0.9484885519551334,1,4.234792635494885,0.0,86.17659247032425,0.0,0.0,0.0,1622.7750154738246,2025-08-11T02:38:42.092100
0.0,0.0,0.0,0.0,0,0,0,0.0,0.0,0.0,0.0,0.0,100.0,2025-08-11T02:43:42.092100
0.0,0.0,0.0,0.0,0,0,0,0.0,0.0,0.0,0.0,0.0,100.0,2025-08-11T02:48:42.092100
5.391614691787646,0.0,0.0,0.0,0,0,0,0.0,0.0,0.0,0.0,0.0,100.0,2025-08-11T02:53:42.092100
0.0,0.0,0.0,0.0,0,0,0,0.0,0.0,0.0,0.0,0.0,100.0,2025-08-11T02:58:42.092100
0.0,0.0,0.0,0.0,0,0,0,0.0,1.660706709212277,0.0,0.0,0.0,100.0,2025-08-11T03:03:42.092100
0.0,0.0,0.0,0.0,0,0,0.18690894708825512,0.0,5.098071379004693,0.0,0.0,0.0,100.0,2025-08-11T03:08:42.092100
7.368650996342644,0.0,0.0,0.0,0,0,0.13989826486364432,0.0,1.5609374929175601,0.0,0.0,0.0,100.0,2025-08-11T03:13:42.092100
0.0,0.0,0.0,0.0,0,0,0,0.0,5.327333908991079,0.0,0.0,0.0,100.0,2025-08-11T03:18:42.092100
3.794164315336376,0.0,0.0,0.0,0,0,0,0.0,0.0,0.0,0.0,0.0,100.0,2025-08-11T03:23:42.092100
0.0,0.0,0.0,0.0,0,0,0,0.0,0.0,0.0,0.0,0.0,100.0,2025-08-11T03:28:42.092100
0.0,0.0,0.0,0.0,0,0,0,0.0,0.7620400138625584,0.0,0.0,0.0,100.0,2025-08-11T03:33:42.092100
0.0,0.0,0.0,0.0,0,0,0,0.0,0.0,0.0,0.0,0.0,100.0,2025-08-11T03:38:42.092100
5.753619858709236,0.0,0.0,0.0,0,0,0.09905363662713236,0.0,4.07345051426681,0.0,0.0,0.0,100.0,2025-08-11T03:43:42.092100
4.370831134842683,0.0,0.0,0.0,0,0,0.006942343889669726,0.0,0.0,0.0,0.0,0.0,100.0,2025-08-11T03:48:42.092100
0.0,0.0,0.0,0.0,0.6189648337417667,0,0,0.0,0.4463282346613733,0.0,0.0,0.0,100.0,2025-08-11T03:53:42.092100
0.0,0.0,0.0,0.0,0,0,0,0.0,0.0,0.0,0.0,0.0,100.0,2025-08-11T03:58:42.092100
0.0,0.0,0.0,0.0,0,0,0.06093627318311636,0.0,0.0,0.0,0.0,0.0,100.0,2025-08-11T04:03:42.092100
0.0,0.0,0.0,0.0,0,0,0,0.0,0.0,0.0,0.0,0.0,100.0,2025-08-11T04:08:42.092100
0.7280440022563934,0.0,0.0,0.0,0,0,0,0.0,0.0,0.0,0.0,0.0,100.0,2025-08-11T04:13:42.092100
0.0,0.0,0.0,0.0,0,0,0,0.0,3.4739329344979213,0.0,0.0,0.0,100.0,2025-08-11T04:18:42.092100
0.0,0.0,0.0,0.0,0.8916380069986563,0,0.11959475650503126,0.0,0.0,0.0,0.0,0.0,100.0,2025-08-11T04:23:42.092100
0.0,0.0,0.0,0.0,0,0,0,0.0,0.0,0.0,0.0,0.0,100.0,2025-08-11T04:28:42.092100
0.0,0.0,0.0,0.0,0,0,0,0.0,0.0,0.0,0.0,0.0,100.0,2025-08-11T04:33:42.092100
0.0,0.0,0.0,0.0,0.9117552756778167,0,0,0.0,0.0,0.0,0.0,0.0,100.0,2025-08-11T04:38:42.092100
0.0,0.0,0.0,0.0,0,0,0,0.0,0.0,0.0,0.0,0.0,100.0,2025-08-11T04:43:42.092100
0.0,0.0,0.0,0.0,0.8253658348914511,0,0.19294117573096242,0.0,4.792297508683722,0.0,0.0,0.0,100.0,2025-08-11T04:48:42.092100
0.0,0.0,0.0,0.0,0,0,0,0.0,0.0,0.0,0.0,0.0,100.0,2025-08-11T04:53:42.092100
4.024721237323077,0.0,0.0,0.0,0,0,0,0.0,0.0,0.0,0.0,0.0,100.0,2025-08-11T04:58:42.092100
87.21802712195648,0.0,0.0,99.7058470540549,0.8151821916948737,1,2.7943272008249207,0.0,90.06606588246109,0.0,0.0,0.0,1178.0473483374758,2025-08-11T05:03:42.092100
0.0,0.0,0.0,0.0,0,0,0,0.0,0.0,0.0,0.0,0.0,100.0,2025-08-11T05:08:42.092100
0.0,0.0,0.0,0.0,0.4925967107653062,0,0,0.0,0.0,0.0,0.0,0.0,100.0,2025-08-11T05:13:42.092100
0.0,0.0,0.0,0.0,0.6219794637716138,0,0,0.0,0.0,0.0,0.0,0.0,100.0,2025-08-11T05:18:42.092100
3.9547913731162,0.0,0.0,0.0,0,0,0,0.0,0.0,0.0,0.0,0.0,100.0,2025-08-11T05:23:42.092100
6.565928324744135,0.0,0.0,0.0,0.15714343216316198,0,0,0.0,1.6537580623116568,0.0,0.0,0.0,100.0,2025-08-11T05:28:42.092100
2.623468625575372,0.0,0.0,0.0,0,0,0,0.0,0.0,0.0,0.0,0.0,100.0,2025-08-11T05:33:42.092100
0.0,0.0,0.0,0.0,0,0,0,0.0,0.0,0.0,0.0,0.0,100.0,2025-08-11T05:38:42.092100
7.699223027872096,0.0,0.0,0.0,0.31686555048730214,0,0,0.0,0.0,0.0,0.0,0.0,100.0,2025-08-11T05:43:42.092100
2.3465820953944982,0.0,0.0,0.0,0,0,0.03910488703918677,0.0,3.9614778851786054,0.0,0.0,0.0,100.0,2025-08-11T05:48:42.092100
0.0,0.0,0.0,0.0,0.928273643398526,0,0,0.0,1.9318208973771662,0.0,0.0,0.0,100.0,2025-08-11T05:53:42.092100
0.0,0.0,0.0,0.0,0.12863571317622374,0,0,0.0,0.0,0.0,0.0,0.0,100.0,2025-08-11T05:58:42.092100
0.0,0.0,0.0,0.0,0.49923125526306994,0,0,0.0,1.557436062283241,0.0,0.0,0.0,100.0,2025-08-11T06:03:42.092100
7.44699003651781,0.0,0.0,0.0,0,0,0,0.0,2.2719950568384095,0.0,0.0,0.0,100.0,2025-08-11T06:08:42.092100
0.0,0.0,0.0,0.0,0,0,0.09386227390624965,0.0,0.0,0.0,0.0,0.0,100.0,2025-08-11T06:13:42.092100
6.532728071093858,0.0,0.0,0.0,0.8407134387585474,0,0,0.0,2.1774437297059674,0.0,0.0,0.0,100.0,2025-08-11T06:18:42.092100
0.0,0.0,0.0,0.0,0,0,0,0.0,0.0,0.0,0.0,0.0,100.0,2025-08-11T06:23:42.092100
0.0,0.0,0.0,0.0,0,0,0,0.0,0.0,0.0,0.0,0.0,100.0,2025-08-11T06:28:42.092100
0.0,0.0,0.0,0.0,0,0,0,0.0,0.0,0.0,0.0,0.0,100.0,2025-08-11T06:33:42.092100
0.0,0.0,0.0,0.0,0.014904470086733885,0,0,0.0,5.420816469758944,0.0,0.0,0.0,100.0,2025-08-11T06:38:42.092100
0.0,0.0,0.0,0.0,0.8584146541253883,0,0,0.0,0.0,0.0,0.0,0.0,100.0,2025-08-11T06:43:42.092100
0.0,0.0,0.0,0.0,0,0,0,0.0,0.32765787750343767,0.0,0.0,0.0,100.0,2025-08-11T06:48:42.092100
2.6854722411782705,0.0,0.0,0.0,0.20978399871311962,0,0.10296298658057772,0.0,0.0,0.0,0.0,0.0,100.0,2025-08-11T06:53:42.092100
0.0,0.0,0.0,0.0,0,0,0,0.0,1.4364545052291262,0.0,0.0,0.0,100.0,2025-08-11T06:58:42.092100
0.0,0.0,0.0,0.0,0.055645587971208194,0,0,0.0,0.0,0.0,0.0,0.0,100.0,2025-08-11T07:03:42.092100
0.0,0.0,0.0,0.0,0,0,0,0.0,0.0,0.0,0.0,0.0,100.0,2025-08-11T07:08:42.092100
90.61058050201629,0.0,0.0,62.62103658494887,0.9324664788284813,1,4.787666877152767,0.0,89.28827682834323,0.0,0.0,0.0,1374.155843130589,2025-08-11T07:13:42.092100
5.236609264924332,0.0,0.0,0.0,0.9014614892233156,0,0,0.0,0.0,0.0,0.0,0.0,100.0,2025-08-11T07:18:42.092100
1.6655300270730646,0.0,0.0,0.0,0.3664347177438547,0,0,0.0,0.0,0.0,0.0,0.0,100.0,2025-08-11T07:23:42.092100
3.706927849308549,0.0,0.0,0.0,0.32278832909819105,0,0.10054224546937955,0.0,0.0,0.0,0.0,0.0,100.0,2025-08-11T07:28:42.092100
0.0,0.0,0.0,0.0,0,0,0.1611192714259612,0.0,0.0,0.0,0.0,0.0,100.0,2025-08-11T07:33:42.092100
0.0,0.0,0.0,0.0,0.8911018673883969,0,0,0.0,0.0,0.0,0.0,0.0,100.0,2025-08-11T07:38:42.092100
0.7875928896225213,0.0,0.0,0.0,0.48740714679663133,0,0,0.0,5.569231472849146,0.0,0.0,0.0,100.0,2025-08-11T07:43:42.092100
0.0,0.0,0.0,0.0,0,0,0,0.0,0.0,0.0,0.0,0.0,100.0,2025-08-11T07:48:42.092100
0.0,0.0,0.0,0.0,0.7944613963723121,0,0,0.0,0.0,0.0,0.0,0.0,100.0,2025-08-11T07:53:42.092100
0.0,0.0,0.0,0.0,0.6444552066283914,0,0.17832259429030153,0.0,0.0,0.0,0.0,0.0,100.0,2025-08-11T07:58:42.092100
0.0,0.0,0.0,0.0,0,0,0.18108178884633178,0.0,0.0,0.0,0.0,0.0,100.0,2025-08-11T08:03:42.092100
3.662947560010812,0.0,0.0,0.0,0,0,0.07383315187018077,0.0,0.0,0.0,0.0,0.0,100.0,2025-08-11T08:08:42.092100
0.0,0.0,0.0,0.0,0,0,0,0.0,0.15195822299914585,0.0,0.0,0.0,100.0,2025-08-11T08:13:42.092100
0.0,0.0,0.0,0.0,0.33766017042689894,0,0.022448948917555098,0.0,0.0,0.0,0.0,0.0,100.0,2025-08-11T08:18:42.092100
3.873455420163575,0.0,0.0,0.0,0,0,0,0.0,0.0,0.0,0.0,0.0,100.0,2025-08-11T08:23:42.092100
0.0,0.0,0.0,0.0,0.8072881958710005,0,0,0.0,0.0,0.0,0.0,0.0,100.0,2025-08-11T08:28:42.092100
0.0,0.0,0.0,0.0,0,0,0,0.0,0.48273070886765856,0.0,0.0,0.0,100.0,2025-08-11T08:33:42.092100
0.0,0.0,0.0,0.0,0,0,0,0.0,2.195164718471135,0.0,0.0,0.0,100.0,2025-08-11T08:38:42.092100
0.0,0.0,0.0,0.0,0,0,0.1795311791972738,0.0,1.4172557186491712,0.0,0.0,0.0,100.0,2025-08-11T08:43:42.092100
0.0,0.0,0.0,0.0,0,0,0,0.0,0.2595986957385556,0.0,0.0,0.0,100.0,2025-08-11T08:48:42.092100
0.0,0.0,0.0,0.0,0.26389645607350315,0,0,0.0,0.0,0.0,0.0,0.0,100.0,2025-08-11T08:53:42.092100
0.0,0.0,0.0,0.0,0,0,0,0.0,0.0,0.0,0.0,0.0,100.0,2025-08-11T08:58:42.092100
0.0,0.0,0.0,0.0,0,0,0,0.0,0.0,0.0,0.0,0.0,100.0,2025-08-11T09:03:42.092100
5.15687528111871,0.0,0.0,0.0,0,0,0.08445874381808668,0.0,0.0,0.0,0.0,0.0,100.0,2025-08-11T09:08:42.092100
4.395120372462456,0.0,0.0,0.0,0,0,0.0978495013078146,0.0,0.0,0.0,0.0,0.0,100.0,2025-08-11T09:13:42.092100
2.6783897878653264,0.0,0.0,0.0,0,0,0.19392547608500266,0.0,4.500412852063717,0.0,0.0,0.0,100.0,2025-08-11T09:18:42.092100
0.0,0.0,0.0,0.0,0.79764722745476,0,0.026798344211144378,0.0,0.0,0.0,0.0,0.0,100.0,2025-08-11T09:23:42.092100
0.0,0.0,0.0,0.0,0,0,0,0.0,0.0,0.0,0.0,0.0,100.0,2025-08-11T09:28:42.092100
0.0,0.0,0.0,0.0,0.07998309006132576,0,0,0.0,0.0,0.0,0.0,0.0,100.0,2025-08-11T09:33:42.092100
0.0,0.0,0.0,0.0,0,0,0,0.0,0.0,0.0,0.0,0.0,100.0,2025-08-11T09:38:42.092100
0.0,0.0,0.0,0.0,0,0,0,0.0,0.25277932167500283,0.0,0.0,0.0,100.0,2025-08-11T09:43:42.092100
0.5949639083772849,0.0,0.0,0.0,0,0,0,0.0,0.0,0.0,0.0,0.0,100.0,2025-08-11T09:48:42.092100
1.951849036505613,0.0,0.0,0.0,0,0,0,0.0,0.0,0.0,0.0,0.0,100.0,2025-08-11T09:53:42.092100
0.0,0.0,0.0,0.0,0.33543573504481683,0,0,0.0,0.0,0.0,0.0,0.0,100.0,2025-08-11T09:58:42.092100
0.0,0.0,0.0,0.0,0,0,0,0.0,0.0,0.0,0.0,0.0,100.0,2025-08-11T10:03:42.092100
0.0,0.0,0.0,0.0,0,0,0,0.0,0.0,0.0,0.0,0.0,100.0,2025-08-11T10:08:42.092100
0.0,0.0,0.0,0.0,0,0,0,0.0,0.0,0.0,0.0,0.0,100.0,2025-08-11T10:13:42.092100
0.0,0.0,0.0,0.0,0,0,0,0.0,0.0,0.0,0.0,0.0,100.0,2025-08-11T10:18:42.092100
0.0,0.0,0.0,0.0,0,0,0,0.0,0.0,0.0,0.0,0.0,100.0,2025-08-11T10:23:42.092100
0.0,0.0,0.0,0.0,0,0,0,0.0,0.0,0.0,0.0,0.0,100.0,2025-08-11T10:28:42.092100
0.0,0.0,0.0,0.0,0.42047760570768206,0,0,0.0,5.305038825856419,0.0,0.0,0.0,100.0,2025-08-11T10:33:42.092100
1.2229196287433461,0.0,0.0,0.0,0,0,0,0.0,0.0,0.0,0.0,0.0,100.0,2025-08-11T10:38:42.092100
0.0,0.0,0.0,0.0,0,0,0,0.0,0.0,0.0,0.0,0.0,100.0,2025-08-11T10:43:42.092100
0.0,0.0,0.0,0.0,0,0,0,0.0,5.273047916717114,0.0,0.0,0.0,100.0,2025-08-11T10:48:42.092100
87.05163295715445,0.0,0.0,95.6121370061081,0.8815215488360575,1,4.3182211472952545,0.0,86.1720433877227,0.0,0.0,0.0,1978.2324330382803,2025-08-11T10:53:42.092100
0.0,0.0,0.0,0.0,0,0,0.16397657999011292,0.0,0.0,0.0,0.0,0.0,100.0,2025-08-11T10:58:42.092100
0.0,0.0,0.0,0.0,0.04423840484648885,0,0,0.0,0.0,0.0,0.0,0.0,100.0,2025-08-11T11:03:42.092100
0.0,0.0,0.0,0.0,0.28776155449555935,0,0,0.0,1.1656809988602301,0.0,0.0,0.0,100.0,2025-08-11T11:08:42.092100
0.0,0.0,0.0,0.0,0,0,0.0819394551492394,0.0,4.837358420513004,0.0,0.0,0.0,100.0,2025-08-11T11:13:42.092100
0.0,0.0,0.0,0.0,0,0,0.020287856354413093,0.0,0.0,0.0,0.0,0.0,100.0,2025-08-11T11:18:42.092100
0.0,0.0,0.0,0.0,0.15437070663039204,0,0,0.0,0.0,0.0,0.0,0.0,100.0,2025-08-11T11:23:42.092100
0.0,0.0,0.0,0.0,0,0,0,0.0,1.4156763183276626,0.0,0.0,0.0,100.0,2025-08-11T11:28:42.092100
0.0,0.0,0.0,0.0,0,0,0.030569406108890234,0.0,2.303620944557219,0.0,0.0,0.0,100.0,2025-08-11T11:33:42.092100
6.380211582573925,0.0,0.0,0.0,0.4711047413182695,0,0.12667236778677882,0.0,3.2056235509168682,0.0,0.0,0.0,100.0,2025-08-11T11:38:42.092100
0.0,0.0,0.0,0.0,0,0,0.10200604135955266,0.0,3.2961319765831356,0.0,0.0,0.0,100.0,2025-08-11T11:43:42.092100
4.968094624159197,0.0,0.0,0.0,0,0,0,0.0,0.0,0.0,0.0,0.0,100.0,2025-08-11T11:48:42.092100
0.0,0.0,0.0,0.0,0,0,0,0.0,5.377900950433359,0.0,0.0,0.0,100.0,2025-08-11T11:53:42.092100
0.0,0.0,0.0,0.0,0,0,0,0.0,0.0,0.0,0.0,0.0,100.0,2025-08-11T11:58:42.092100
1.861090462176946,0.0,0.0,0.0,0,0,0,0.0,0.0,0.0,0.0,0.0,100.0,2025-08-11T12:03:42.092100
0.0,0.0,0.0,0.0,0,0,0,0.0,0.0,0.0,0.0,0.0,100.0,2025-08-11T12:08:42.092100
7.340085471308645,0.0,0.0,0.0,0,0,0,0.0,0.0,0.0,0.0,0.0,100.0,2025-08-11T12:13:42.092100
0.0,0.0,0.0,0.0,0.3323333266538471,0,0,0.0,0.0,0.0,0.0,0.0,100.0,2025-08-11T12:18:42.092100
0.0,0.0,0.0,0.0,0,0,0,0.0,0.0,0.0,0.0,0.0,100.0,2025-08-11T12:23:42.092100
3.2594083724667735,0.0,0.0,0.0,0,0,0,0.0,0.0,0.0,0.0,0.0,100.0,2025-08-11T12:28:42.092100
7.598211001461956,0.0,0.0,0.0,0,0,0,0.0,0.0,0.0,0.0,0.0,100.0,2025-08-11T12:33:42.092100
0.0,0.0,0.0,0.0,0,0,0,0.0,0.0,0.0,0.0,0.0,100.0,2025-08-11T12:38:42.092100
0.0,0.0,0.0,0.0,0,0,0,0.0,0.0,0.0,0.0,0.0,100.0,2025-08-11T12:43:42.092100
2.997574668155983,0.0,0.0,0.0,0.6964962918342676,0,0,0.0,3.352885365383712,0.0,0.0,0.0,100.0,2025-08-11T12:48:42.092100
1.5622035022526637,0.0,0.0,0.0,0,0,0.08440882954931171,0.0,3.2273386358517135,0.0,0.0,0.0,100.0,2025-08-11T12:53:42.092100
0.0,0.0,0.0,0.0,0,0,0,0.0,0.0,0.0,0.0,0.0,100.0,2025-08-11T12:58:42.092100
0.0,0.0,0.0,0.0,0.49662791352510804,0,0,0.0,0.0,0.0,0.0,0.0,100.0,2025-08-11T13:03:42.092100
0.0,0.0,0.0,0.0,0,0,0.18177443243364,0.0,3.860855192823986,0.0,0.0,0.0,100.0,2025-08-11T13:08:42.092100
0.0,0.0,0.0,0.0,0,0,0,0.0,2.3730288760879636,0.0,0.0,0.0,100.0,2025-08-11T13:13:42.092100
0.0,0.0,0.0,0.0,0,0,0,0.0,0.6720290860741439,0.0,0.0,0.0,100.0,2025-08-11T13:18:42.092100
0.0,0.0,0.0,0.0,0.4895629007109474,0,0,0.0,0.0,0.0,0.0,0.0,100.0,2025-08-11T13:23:42.092100
0.0,0.0,0.0,0.0,0,0,0.1693967558190055,0.0,3.766118772656857,0.0,0.0,0.0,100.0,2025-08-11T13:28:42.092100
0.0,0.0,0.0,0.0,0.41974313299840027,0,0.11231431785977207,0.0,3.1115690758386165,0.0,0.0,0.0,100.0,2025-08-11T13:33:42.092100
0.0,0.0,0.0,0.0,0,0,0.0790502054445956,0.0,0.3509443288090791,0.0,0.0,0.0,100.0,2025-08-11T13:38:42.092100
0.0,0.0,0.0,0.0,0,0,0,0.0,0.621212134624334,0.0,0.0,0.0,100.0,2025-08-11T13:43:42.092100
0.0,0.0,0.0,0.0,0.5240801343927911,0,0,0.0,0.0,0.0,0.0,0.0,100.0,2025-08-11T13:48:42.092100
0.0,0.0,0.0,0.0,0,0,0.0236996801265149,0.0,2.331346239448946,0.0,0.0,0.0,100.0,2025-08-11T13:53:42.092100
4.650154325782271,0.0,0.0,0.0,0,0,0,0.0,3.0105065235878263,0.0,0.0,0.0,100.0,2025-08-11T13:58:42.092100
0.0,0.0,0.0,0.0,0,0,0,0.0,0.0,0.0,0.0,0.0,100.0,2025-08-11T14:03:42.092100
0.0,0.0,0.0,0.0,0,0,0.08309900292363466,0.0,0.0,0.0,0.0,0.0,100.0,2025-08-11T14:08:42.092100
0.0,0.0,0.0,0.0,0,0,0,0.0,0.0,0.0,0.0,0.0,100.0,2025-08-11T14:13:42.092100
0.0,0.0,0.0,0.0,0.392784103311888,0,0,0.0,0.0,0.0,0.0,0.0,100.0,2025-08-11T14:18:42.092100
0.0,0.0,0.0,0.0,0,0,0,0.0,0.0,0.0,0.0,0.0,100.0,2025-08-11T14:23:42.092100
0.0,0.0,0.0,0.0,0.01692669294328957,0,0.1746890975649515,0.0,0.0,0.0,0.0,0.0,100.0,2025-08-11T14:28:42.092100
0.0,0.0,0.0,0.0,0,0,0,0.0,0.0,0.0,0.0,0.0,100.0,2025-08-11T14:33:42.092100
0.0,0.0,0.0,0.0,0.04815439591442154,0,0,0.0,2.031528936248595,0.0,0.0,0.0,100.0,2025-08-11T14:38:42.092100
7.026797473900747,0.0,0.0,0.0,0,0,0,0.0,1.49943078516465,0.0,0.0,0.0,100.0,2025-08-11T14:43:42.092100
0.0,0.0,0.0,0.0,0.9793742348554457,0,0,0.0,0.0,0.0,0.0,0.0,100.0,2025-08-11T14:48:42.092100
0.0,0.0,0.0,0.0,0,0,0,0.0,2.364792215095761,0.0,0.0,0.0,100.0,2025-08-11T14:53:42.092100
0.0,0.0,0.0,0.0,0,0,0.1473983103848099,0.0,0.0,0.0,0.0,0.0,100.0,2025-08-11T14:58:42.092100
